RT,acc,subj,cartoon,clip,afterPeak,before1stBound,dist,peak
36.18686073957531,1.0,75.0,0.0,1.0,0.0,1.0,1.0,0.0
-112.37158040009786,1.0,75.0,0.0,1.0,0.0,1.0,2.5,0.0
15.069978460228981,1.0,75.0,0.0,1.0,0.0,1.0,6.5,0.0
-75.48846267944418,1.0,75.0,0.0,1.0,0.0,1.0,9.0,0.0
-90.04690381911735,1.0,75.0,0.0,1.0,0.0,1.0,12.3,0.0
-62.60534495879051,1.0,75.0,0.0,1.0,0.0,0.0,1.67,1.0
68.83621390153633,1.0,75.0,0.0,1.0,1.0,0.0,4.17,0.0
28.27777276186316,1.0,75.0,0.0,1.0,0.0,0.0,8.37,0.0
-140.28066837781,1.0,75.0,0.0,1.0,0.0,0.0,12.769999999999998,0.0
,,,,,,,,
,,,,,,,,
,,,,,,,,
,,,,,,,,
,,,,,,,,
,,,,,,,,
,,,,,,,,
,,,,,,,,
,,,,,,,,
,,,,,,,,
,,,,,,,,
,,,,,,,,
,,,,,,,,
555.5764790857853,1.0,75.0,0.0,1.0,0.0,0.0,0.09999999999999432,1.0
93.01803794611214,1.0,75.0,0.0,1.0,1.0,0.0,2.6999999999999886,0.0
,0.0,75.0,0.0,1.0,0.0,0.0,7.0,0.0
-143.54040319356102,1.0,75.0,0.0,1.0,0.0,0.0,10.599999999999994,0.0
-115.09884433323418,1.0,75.0,0.0,1.0,0.0,0.0,14.699999999999989,0.0
,,,,,,,,
,,,,,,,,
,,,,,,,,
,,,,,,,,
-50.8910500316,1.0,75.0,0.0,1.0,0.0,0.0,1.1299999999999955,1.0
20.550508828726834,1.0,75.0,0.0,1.0,1.0,0.0,3.6299999999999955,0.0
532.9920676890537,1.0,75.0,0.0,1.0,0.0,0.0,6.829999999999998,0.0
263.4336265493805,1.0,75.0,0.0,1.0,0.0,0.0,9.730000000000004,0.0
-25.124814590292658,1.0,75.0,0.0,1.0,0.0,0.0,12.530000000000001,0.0
,,,,,,,,
89.75830313036101,1.0,75.0,0.0,1.0,1.0,0.0,2.3000000000000114,0.0
69.19986199068785,1.0,75.0,0.0,1.0,1.0,0.0,5.0,0.0
244.6414208510147,1.0,75.0,0.0,1.0,0.0,0.0,8.599999999999994,0.0
-119.91702028865848,1.0,75.0,0.0,1.0,0.0,0.0,12.5,0.0
,,,,,,,,
,,,,,,,,
,,,,,,,,
,,,,,,,,
,,,,,,,,
-199.26766712669746,1.0,75.0,0.0,1.0,1.0,0.0,2.4000000000000057,0.0
76.17389173362938,1.0,75.0,0.0,1.0,0.0,0.0,5.300000000000011,0.0
-76.38454940604379,1.0,75.0,0.0,1.0,0.0,0.0,8.700000000000017,0.0
-236.94299054571695,1.0,75.0,0.0,1.0,0.0,0.0,12.700000000000017,0.0
,,,,,,,,
,,,,,,,,
,,,,,,,,
,,,,,,,,
,,,,,,,,
-222.29363738375594,1.0,75.0,0.0,1.0,0.0,0.0,1.8100000000000023,1.0
321.1479214765709,1.0,75.0,0.0,1.0,1.0,0.0,4.810000000000002,0.0
-309.41051966310226,1.0,75.0,0.0,1.0,0.0,0.0,8.310000000000002,0.0
,0.0,75.0,0.0,1.0,0.0,0.0,11.009999999999991,0.0
,,,,,,,,
,,,,,,,,
,,,,,,,,
,,,,,,,,
,,,,,,,,
,,,,,,,,
-108.76116650114113,1.0,75.0,0.0,1.0,1.0,0.0,3.3700000000000045,0.0
-76.3196076408143,1.0,75.0,0.0,1.0,0.0,0.0,5.8700000000000045,0.0
139.12195121951254,1.0,75.0,0.0,1.0,0.0,0.0,10.169999999999987,0.0
25.563510079839375,1.0,75.0,0.0,1.0,0.0,0.0,13.370000000000005,0.0
,,,,,,,,
,,,,,,,,
,,,,,,,,
,,,,,,,,
,,,,,,,,
,,,,,,,,
-14.345577897872772,1.0,75.0,0.0,1.0,0.0,0.0,1.5,1.0
-66.90401903754594,1.0,75.0,0.0,1.0,0.0,0.0,6.0,0.0
-15.4624601772191,1.0,75.0,0.0,1.0,0.0,0.0,9.0,0.0
3.979098683107736,1.0,75.0,0.0,1.0,0.0,0.0,11.800000000000011,0.0
-28.579342456565428,1.0,75.0,0.0,1.0,0.0,0.0,14.400000000000034,0.0
,,,,,,,,
,,,,,,,,
,,,,,,,,
,,,,,,,,
,,,,,,,,
,,,,,,,,
,,,,,,,,
,,,,,,,,
26.394687286376097,1.0,75.0,0.0,1.0,0.0,0.0,1.75,1.0
-110.16375385329707,1.0,75.0,0.0,1.0,0.0,0.0,5.350000000000023,0.0
-63.72219499297023,1.0,75.0,0.0,1.0,0.0,0.0,0.4000000000000341,1.0
57.719363867356606,1.0,75.0,0.0,1.0,1.0,0.0,4.5,0.0
-75.83907727231656,1.0,75.0,0.0,1.0,0.0,0.0,7.199999999999989,0.0
91.60248158801028,1.0,75.0,0.0,1.0,0.0,0.0,11.600000000000023,0.0
,,,,,,,,
,,,,,,,,
,,,,,,,,
,,,,,,,,
,,,,,,,,
,,,,,,,,
,,,,,,,,
,,,,,,,,
,,,,,,,,
,,,,,,,,
,,,,,,,,
,,,,,,,,
,,,,,,,,
,,,,,,,,
,,,,,,,,
,,,,,,,,
,,,,,,,,
,,,,,,,,
128.99209993422028,1.0,75.0,0.0,1.0,0.0,0.0,0.9200000000000159,1.0
-156.5663412054529,1.0,75.0,0.0,1.0,0.0,0.0,5.1200000000000045,0.0
-71.12478234512605,1.0,75.0,0.0,1.0,0.0,0.0,7.720000000000027,0.0
-272.6832234847992,1.0,75.0,0.0,1.0,0.0,0.0,11.920000000000016,0.0
-9.241664624472378,1.0,75.0,0.0,1.0,0.0,0.0,14.920000000000016,0.0
,,,,,,,,
,,,,,,,,
,,,,,,,,
,,,,,,,,
,,,,,,,,
,,,,,,,,
,,,,,,,,
,,,,,,,,
,,,,,,,,
,,,,,,,,
,,,,,,,,
,,,,,,,,
-122.8880143112699,1.0,80.0,0.0,1.0,0.0,1.0,1.0,0.0
1.1952649821112118,1.0,80.0,0.0,1.0,0.0,1.0,2.5,0.0
-77.72145572450779,1.0,80.0,0.0,1.0,0.0,1.0,6.5,0.0
-34.638176431126794,1.0,80.0,0.0,1.0,0.0,1.0,9.0,0.0
137.44510286225432,1.0,80.0,0.0,1.0,0.0,1.0,12.3,0.0
-58.47161784436469,1.0,80.0,0.0,1.0,0.0,0.0,1.67,1.0
-62.388338550983576,1.0,80.0,0.0,1.0,1.0,0.0,4.17,0.0
-86.30505925760258,1.0,80.0,0.0,1.0,0.0,0.0,8.37,0.0
-70.22177996422158,1.0,80.0,0.0,1.0,0.0,0.0,12.769999999999998,0.0
,,,,,,,,
,,,,,,,,
,,,,,,,,
,,,,,,,,
,,,,,,,,
,,,,,,,,
,,,,,,,,
,,,,,,,,
,,,,,,,,
,,,,,,,,
,,,,,,,,
,,,,,,,,
,,,,,,,,
-94.05586985688706,1.0,80.0,0.0,1.0,0.0,0.0,0.09999999999999432,1.0
-133.97259056350595,1.0,80.0,0.0,1.0,1.0,0.0,2.6999999999999886,0.0
-65.88931127012495,1.0,80.0,0.0,1.0,0.0,0.0,7.0,0.0
166.19396802325605,1.0,80.0,0.0,1.0,0.0,0.0,10.599999999999994,0.0
-69.72275268336284,1.0,80.0,0.0,1.0,0.0,0.0,14.699999999999989,0.0
,,,,,,,,
,,,,,,,,
,,,,,,,,
,,,,,,,,
-53.30635621645763,1.0,80.0,0.0,1.0,0.0,0.0,1.1299999999999955,1.0
158.77692307692337,1.0,80.0,0.0,1.0,1.0,0.0,3.6299999999999955,0.0
-138.13979762969564,1.0,80.0,0.0,1.0,0.0,0.0,6.829999999999998,0.0
-94.05651833631453,1.0,80.0,0.0,1.0,0.0,0.0,9.730000000000004,0.0
-29.97323904293353,1.0,80.0,0.0,1.0,0.0,0.0,12.530000000000001,0.0
,,,,,,,,
-65.80668045617142,1.0,80.0,0.0,1.0,1.0,0.0,2.3000000000000114,0.0
-53.723401162790424,1.0,80.0,0.0,1.0,1.0,0.0,5.0,0.0
34.35987813059057,1.0,80.0,0.0,1.0,0.0,0.0,8.599999999999994,0.0
-17.556842576028316,1.0,80.0,0.0,1.0,0.0,0.0,12.5,0.0
,,,,,,,,
,,,,,,,,
,,,,,,,,
,,,,,,,,
,,,,,,,,
-101.05716681574211,1.0,80.0,0.0,1.0,1.0,0.0,2.4000000000000057,0.0
71.02611247763889,1.0,80.0,0.0,1.0,0.0,0.0,5.300000000000011,0.0
-16.89060822898,1.0,80.0,0.0,1.0,0.0,0.0,8.700000000000017,0.0
-41.807328935599,1.0,80.0,0.0,1.0,0.0,0.0,12.700000000000017,0.0
,,,,,,,,
,,,,,,,,
,,,,,,,,
,,,,,,,,
,,,,,,,,
102.6923468246872,1.0,80.0,0.0,1.0,0.0,0.0,1.8100000000000023,1.0
-33.2243738819318,1.0,80.0,0.0,1.0,1.0,0.0,4.810000000000002,0.0
34.858905411449314,1.0,80.0,0.0,1.0,0.0,0.0,8.310000000000002,0.0
70.94218470483031,1.0,80.0,0.0,1.0,0.0,0.0,11.009999999999991,0.0
,,,,,,,,
,,,,,,,,
,,,,,,,,
,,,,,,,,
,,,,,,,,
,,,,,,,,
71.52513975849763,1.0,80.0,0.0,1.0,1.0,0.0,3.3700000000000045,0.0
-116.39158094812137,1.0,80.0,0.0,1.0,0.0,0.0,5.8700000000000045,0.0
-25.308301654740376,1.0,80.0,0.0,1.0,0.0,0.0,10.169999999999987,0.0
-0.22502236135926523,1.0,80.0,0.0,1.0,0.0,0.0,13.370000000000005,0.0
,,,,,,,,
,,,,,,,,
,,,,,,,,
,,,,,,,,
,,,,,,,,
,,,,,,,,
-12.64206730769206,1.0,80.0,0.0,1.0,0.0,0.0,1.5,1.0
31.44121198568905,1.0,80.0,0.0,1.0,0.0,0.0,6.0,0.0
-136.47550872092995,1.0,80.0,0.0,1.0,0.0,0.0,9.0,0.0
135.60777057245105,1.0,80.0,0.0,1.0,0.0,0.0,11.800000000000011,0.0
87.69104986583216,1.0,80.0,0.0,1.0,0.0,0.0,14.400000000000034,0.0
,,,,,,,,
,,,,,,,,
,,,,,,,,
,,,,,,,,
,,,,,,,,
,,,,,,,,
,,,,,,,,
,,,,,,,,
-83.55943649373853,1.0,80.0,0.0,1.0,0.0,0.0,1.75,1.0
-180.47615720035753,1.0,80.0,0.0,1.0,0.0,0.0,5.350000000000023,0.0
7.607122093023577,1.0,80.0,0.0,1.0,0.0,0.0,0.4000000000000341,1.0
-148.30959861359543,1.0,80.0,0.0,1.0,1.0,0.0,4.5,0.0
-96.22631932021443,1.0,80.0,0.0,1.0,0.0,0.0,7.199999999999989,0.0
-32.14304002683332,1.0,80.0,0.0,1.0,0.0,0.0,11.600000000000023,0.0
,,,,,,,,
,,,,,,,,
,,,,,,,,
,,,,,,,,
,,,,,,,,
,,,,,,,,
,,,,,,,,
,,,,,,,,
,,,,,,,,
,,,,,,,,
,,,,,,,,
,,,,,,,,
,,,,,,,,
,,,,,,,,
,,,,,,,,
,,,,,,,,
,,,,,,,,
,,,,,,,,
280.4392665474064,1.0,80.0,0.0,1.0,0.0,0.0,0.9200000000000159,1.0
8.522545840787416,1.0,80.0,0.0,1.0,0.0,0.0,5.1200000000000045,0.0
32.60582513416841,1.0,80.0,0.0,1.0,0.0,0.0,7.720000000000027,0.0
-111.31089557245048,1.0,80.0,0.0,1.0,0.0,0.0,11.920000000000016,0.0
16.77238372093052,1.0,80.0,0.0,1.0,0.0,0.0,14.920000000000016,0.0
,,,,,,,,
,,,,,,,,
,,,,,,,,
,,,,,,,,
,,,,,,,,
,,,,,,,,
,,,,,,,,
,,,,,,,,
,,,,,,,,
,,,,,,,,
,,,,,,,,
,,,,,,,,
-151.91830649970132,1.0,93.0,0.0,1.0,0.0,1.0,1.0,0.0
18.191124403697586,1.0,93.0,0.0,1.0,0.0,1.0,2.5,0.0
-37.6994446929034,1.0,93.0,0.0,1.0,0.0,1.0,6.5,0.0
-164.5900137895045,1.0,93.0,0.0,1.0,0.0,1.0,9.0,0.0
-78.4805828861056,1.0,93.0,0.0,1.0,0.0,1.0,12.3,0.0
-166.3711519827067,1.0,93.0,0.0,1.0,0.0,0.0,1.67,1.0
-76.26172107930779,1.0,93.0,0.0,1.0,1.0,0.0,4.17,0.0
34.847709824091226,1.0,93.0,0.0,1.0,0.0,0.0,8.37,0.0
-6.042859272509872,1.0,93.0,0.0,1.0,0.0,0.0,12.769999999999998,0.0
,,,,,,,,
,,,,,,,,
,,,,,,,,
,,,,,,,,
,,,,,,,,
,,,,,,,,
,,,,,,,,
,,,,,,,,
,,,,,,,,
,,,,,,,,
,,,,,,,,
,,,,,,,,
,,,,,,,,
-192.5108266249249,1.0,93.0,0.0,1.0,0.0,0.0,0.09999999999999432,1.0
-73.401395721526,1.0,93.0,0.0,1.0,1.0,0.0,2.6999999999999886,0.0
209.7080351818729,1.0,93.0,0.0,1.0,0.0,0.0,7.0,0.0
-81.1825339147282,1.0,93.0,0.0,1.0,0.0,0.0,10.599999999999994,0.0
-92.0731030113293,1.0,93.0,0.0,1.0,0.0,0.0,14.699999999999989,0.0
,,,,,,,,
,,,,,,,,
,,,,,,,,
,,,,,,,,
125.47405150566533,1.0,93.0,0.0,1.0,0.0,0.0,1.1299999999999955,1.0
54.583482409064345,1.0,93.0,0.0,1.0,1.0,0.0,3.6299999999999955,0.0
-77.30708668753675,1.0,93.0,0.0,1.0,0.0,0.0,6.829999999999998,0.0
-102.19765578413785,1.0,93.0,0.0,1.0,0.0,0.0,9.730000000000004,0.0
-32.08822488073895,1.0,93.0,0.0,1.0,0.0,0.0,12.530000000000001,0.0
,,,,,,,,
449.13063692605897,1.0,93.0,0.0,1.0,1.0,0.0,2.3000000000000114,0.0
4.240067829457871,1.0,93.0,0.0,1.0,1.0,0.0,5.0,0.0
162.34949873285677,1.0,93.0,0.0,1.0,0.0,0.0,8.599999999999994,0.0
-74.54107036374432,1.0,93.0,0.0,1.0,0.0,0.0,12.5,0.0
,,,,,,,,
,,,,,,,,
,,,,,,,,
,,,,,,,,
,,,,,,,,
-202.88448494335069,1.0,93.0,0.0,1.0,1.0,0.0,2.4000000000000057,0.0
-19.775054039951783,1.0,93.0,0.0,1.0,0.0,0.0,5.300000000000011,0.0
-92.66562313655288,1.0,93.0,0.0,1.0,0.0,0.0,8.700000000000017,0.0
-236.55619223315398,1.0,93.0,0.0,1.0,0.0,0.0,12.700000000000017,0.0
,,,,,,,,
,,,,,,,,
,,,,,,,,
,,,,,,,,
,,,,,,,,
-196.89960681276045,1.0,93.0,0.0,1.0,0.0,0.0,1.8100000000000023,1.0
154.20982409063856,1.0,93.0,0.0,1.0,1.0,0.0,4.810000000000002,0.0
-121.68074500596254,1.0,93.0,0.0,1.0,0.0,0.0,8.310000000000002,0.0
-78.57131410256363,1.0,93.0,0.0,1.0,0.0,0.0,11.009999999999991,0.0
,,,,,,,,
,,,,,,,,
,,,,,,,,
,,,,,,,,
,,,,,,,,
,,,,,,,,
-17.805297778771205,1.0,93.0,0.0,1.0,1.0,0.0,3.3700000000000045,0.0
97.30413312462781,1.0,93.0,0.0,1.0,0.0,0.0,5.8700000000000045,0.0
-122.58643597197329,1.0,93.0,0.0,1.0,0.0,0.0,10.169999999999987,0.0
133.52299493142561,1.0,93.0,0.0,1.0,0.0,0.0,13.370000000000005,0.0
,,,,,,,,
,,,,,,,,
,,,,,,,,
,,,,,,,,
,,,,,,,,
,,,,,,,,
624.289011255218,1.0,93.0,0.0,1.0,0.0,0.0,1.5,1.0
-163.60155784138294,1.0,93.0,0.0,1.0,0.0,0.0,6.0,0.0
-197.49212693798404,1.0,93.0,0.0,1.0,0.0,0.0,9.0,0.0
-278.38269603458514,1.0,93.0,0.0,1.0,0.0,0.0,11.800000000000011,0.0
0.7267348688137645,1.0,93.0,0.0,1.0,0.0,0.0,14.400000000000034,0.0
,,,,,,,,
,,,,,,,,
,,,,,,,,
,,,,,,,,
,,,,,,,,
,,,,,,,,
,,,,,,,,
,,,,,,,,
362.7116129994041,1.0,93.0,0.0,1.0,0.0,0.0,1.75,1.0
-6.178956097196988,1.0,93.0,0.0,1.0,0.0,0.0,5.350000000000023,0.0
-260.0695251937981,1.0,93.0,0.0,1.0,0.0,0.0,0.4000000000000341,1.0
-55.96009429039907,1.0,93.0,0.0,1.0,1.0,0.0,4.5,0.0
-163.85066338700017,1.0,93.0,0.0,1.0,0.0,0.0,7.199999999999989,0.0
-208.74123248360127,1.0,93.0,0.0,1.0,0.0,0.0,11.600000000000023,0.0
,,,,,,,,
,,,,,,,,
,,,,,,,,
,,,,,,,,
,,,,,,,,
,,,,,,,,
,,,,,,,,
,,,,,,,,
,,,,,,,,
,,,,,,,,
,,,,,,,,
,,,,,,,,
,,,,,,,,
,,,,,,,,
,,,,,,,,
,,,,,,,,
,,,,,,,,
,,,,,,,,
143.33795468097833,1.0,93.0,0.0,1.0,0.0,0.0,0.9200000000000159,1.0
-113.55261441562277,1.0,93.0,0.0,1.0,0.0,0.0,5.1200000000000045,0.0
76.55681648777613,1.0,93.0,0.0,1.0,0.0,0.0,7.720000000000027,0.0
508.66624739117515,1.0,93.0,0.0,1.0,0.0,0.0,11.920000000000016,0.0
-85.22432170542595,1.0,93.0,0.0,1.0,0.0,0.0,14.920000000000016,0.0
,,,,,,,,
,,,,,,,,
,,,,,,,,
,,,,,,,,
,,,,,,,,
,,,,,,,,
,,,,,,,,
,,,,,,,,
,,,,,,,,
,,,,,,,,
,,,,,,,,
,,,,,,,,
,0.0,94.0,0.0,1.0,0.0,1.0,1.0,0.0
-17.497416338582866,1.0,94.0,0.0,1.0,0.0,1.0,2.5,0.0
63.23876312335938,1.0,94.0,0.0,1.0,0.0,1.0,6.5,0.0
-148.02505741469838,1.0,94.0,0.0,1.0,0.0,1.0,9.0,0.0
-7.288877952756025,1.0,94.0,0.0,1.0,0.0,1.0,12.3,0.0
-130.55269849081378,1.0,94.0,0.0,1.0,0.0,0.0,1.67,1.0
46.18348097112846,1.0,94.0,0.0,1.0,1.0,0.0,4.17,0.0
27.919660433070703,1.0,94.0,0.0,1.0,0.0,0.0,8.37,0.0
35.655839895012946,1.0,94.0,0.0,1.0,0.0,0.0,12.769999999999998,0.0
,,,,,,,,
,,,,,,,,
,,,,,,,,
,,,,,,,,
,,,,,,,,
,,,,,,,,
,,,,,,,,
,,,,,,,,
,,,,,,,,
,,,,,,,,
,,,,,,,,
,,,,,,,,
,,,,,,,,
-170.03764763779543,1.0,94.0,0.0,1.0,0.0,0.0,0.09999999999999432,1.0
-153.3014681758532,1.0,94.0,0.0,1.0,1.0,0.0,2.6999999999999886,0.0
387.43471128608905,1.0,94.0,0.0,1.0,0.0,0.0,7.0,0.0
148.1708907480314,1.0,94.0,0.0,1.0,0.0,0.0,10.599999999999994,0.0
40.907070209973654,1.0,94.0,0.0,1.0,0.0,0.0,14.699999999999989,0.0
,,,,,,,,
,,,,,,,,
,,,,,,,,
,,,,,,,,
-145.41203248031513,1.0,94.0,0.0,1.0,0.0,0.0,1.1299999999999955,1.0
129.32414698162722,1.0,94.0,0.0,1.0,1.0,0.0,3.6299999999999955,0.0
186.06032644356947,1.0,94.0,0.0,1.0,0.0,0.0,6.829999999999998,0.0
-89.20349409448829,1.0,94.0,0.0,1.0,0.0,0.0,9.730000000000004,0.0
-144.46731463254605,1.0,94.0,0.0,1.0,0.0,0.0,12.530000000000001,0.0
,,,,,,,,
245.00504429133844,1.0,94.0,0.0,1.0,1.0,0.0,2.3000000000000114,0.0
-129.25877624671932,1.0,94.0,0.0,1.0,1.0,0.0,5.0,0.0
-77.52259678477697,1.0,94.0,0.0,1.0,0.0,0.0,8.599999999999994,0.0
-136.78641732283472,1.0,94.0,0.0,1.0,0.0,0.0,12.5,0.0
,,,,,,,,
,,,,,,,,
,,,,,,,,
,,,,,,,,
,,,,,,,,
-80.36934055118115,1.0,94.0,0.0,1.0,1.0,0.0,2.4000000000000057,0.0
156.3668389107611,1.0,94.0,0.0,1.0,0.0,0.0,5.300000000000011,0.0
-90.89698162729667,1.0,94.0,0.0,1.0,0.0,0.0,8.700000000000017,0.0
141.83919783464557,1.0,94.0,0.0,1.0,0.0,0.0,12.700000000000017,0.0
,,,,,,,,
,,,,,,,,
,,,,,,,,
,,,,,,,,
,,,,,,,,
-133.74372539370086,1.0,94.0,0.0,1.0,0.0,0.0,1.8100000000000023,1.0
-109.00754593175861,1.0,94.0,0.0,1.0,1.0,0.0,4.810000000000002,0.0
-200.27136646981637,1.0,94.0,0.0,1.0,0.0,0.0,8.310000000000002,0.0
-83.53518700787413,1.0,94.0,0.0,1.0,0.0,0.0,11.009999999999991,0.0
,,,,,,,,
,,,,,,,,
,,,,,,,,
,,,,,,,,
,,,,,,,,
,,,,,,,,
-86.38193077427832,1.0,94.0,0.0,1.0,1.0,0.0,3.3700000000000045,0.0
-49.645751312336074,1.0,94.0,0.0,1.0,0.0,0.0,5.8700000000000045,0.0
-49.90957185039372,1.0,94.0,0.0,1.0,0.0,0.0,10.169999999999987,0.0
-172.17339238845148,1.0,94.0,0.0,1.0,0.0,0.0,13.370000000000005,0.0
,,,,,,,,
,,,,,,,,
,,,,,,,,
,,,,,,,,
,,,,,,,,
,,,,,,,,
-131.02013615485566,1.0,94.0,0.0,1.0,0.0,0.0,1.5,1.0
-70.28395669291342,1.0,94.0,0.0,1.0,0.0,0.0,6.0,0.0
138.45222276902882,1.0,94.0,0.0,1.0,0.0,0.0,9.0,0.0
-42.811597769028936,1.0,94.0,0.0,1.0,0.0,0.0,11.800000000000011,0.0
43.92458169291331,1.0,94.0,0.0,1.0,0.0,0.0,14.400000000000034,0.0
,,,,,,,,
,,,,,,,,
,,,,,,,,
,,,,,,,,
,,,,,,,,
,,,,,,,,
,,,,,,,,
,,,,,,,,
222.55019685039372,1.0,94.0,0.0,1.0,0.0,0.0,1.75,1.0
2.2863763123359604,1.0,94.0,0.0,1.0,0.0,0.0,5.350000000000023,0.0
-75.9774442257218,1.0,94.0,0.0,1.0,0.0,0.0,0.4000000000000341,1.0
80.75873523622045,1.0,94.0,0.0,1.0,1.0,0.0,4.5,0.0
350.4949146981627,1.0,94.0,0.0,1.0,0.0,0.0,7.199999999999989,0.0
-105.76890583989507,1.0,94.0,0.0,1.0,0.0,0.0,11.600000000000023,0.0
,,,,,,,,
,,,,,,,,
,,,,,,,,
,,,,,,,,
,,,,,,,,
,,,,,,,,
,,,,,,,,
,,,,,,,,
,,,,,,,,
,,,,,,,,
,,,,,,,,
,,,,,,,,
,,,,,,,,
,,,,,,,,
,,,,,,,,
,,,,,,,,
,,,,,,,,
,,,,,,,,
84.21850393700788,1.0,94.0,0.0,1.0,0.0,0.0,0.9200000000000159,1.0
76.95468339895012,1.0,94.0,0.0,1.0,0.0,0.0,5.1200000000000045,0.0
-18.309137139107634,1.0,94.0,0.0,1.0,0.0,0.0,7.720000000000027,0.0
-25.572957677165277,1.0,94.0,0.0,1.0,0.0,0.0,11.920000000000016,0.0
-0.8367782152230347,1.0,94.0,0.0,1.0,0.0,0.0,14.920000000000016,0.0
,,,,,,,,
,,,,,,,,
,,,,,,,,
,,,,,,,,
,,,,,,,,
,,,,,,,,
,,,,,,,,
,,,,,,,,
,,,,,,,,
,,,,,,,,
,,,,,,,,
,,,,,,,,
,0.0,23.0,0.0,2.0,0.0,1.0,1.0,0.0
,0.0,23.0,0.0,2.0,0.0,1.0,2.5,0.0
,0.0,23.0,0.0,2.0,0.0,1.0,7.1,0.0
61.6664516129033,1.0,23.0,0.0,2.0,0.0,1.0,11.4,0.0
-17.85474429582996,1.0,23.0,0.0,2.0,0.0,0.0,0.8699999999999992,1.0
174.62405979543666,1.0,23.0,0.0,2.0,0.0,0.0,5.17,0.0
695.1028638867034,1.0,23.0,0.0,2.0,0.0,0.0,7.769999999999998,0.0
97.58166797797014,1.0,23.0,0.0,2.0,0.0,0.0,10.97,0.0
,0.0,23.0,0.0,2.0,0.0,0.0,14.97,0.0
,,,,,,,,
,,,,,,,,
,,,,,,,,
,,,,,,,,
,,,,,,,,
,,,,,,,,
,,,,,,,,
,,,,,,,,
,,,,,,,,
,,,,,,,,
,,,,,,,,
,,,,,,,,
,,,,,,,,
,0.0,23.0,0.0,2.0,0.0,0.0,0.6999999999999886,1.0
-55.71507474429586,1.0,23.0,0.0,2.0,1.0,0.0,3.5999999999999943,0.0
-91.23627065302912,1.0,23.0,0.0,2.0,0.0,0.0,6.299999999999997,0.0
74.24253343823761,1.0,23.0,0.0,2.0,0.0,0.0,9.899999999999991,0.0
-210.27866247049565,1.0,23.0,0.0,2.0,0.0,0.0,13.399999999999991,0.0
,,,,,,,,
,,,,,,,,
,,,,,,,,
,,,,,,,,
,,,,,,,,
-154.40583792289533,1.0,23.0,0.0,2.0,0.0,0.0,1.8299999999999983,1.0
-84.9270338316287,1.0,23.0,0.0,2.0,1.0,0.0,4.530000000000001,0.0
-136.44822974036197,1.0,23.0,0.0,2.0,0.0,0.0,7.530000000000001,0.0
-157.96942564909523,1.0,23.0,0.0,2.0,0.0,0.0,11.530000000000001,0.0
-102.49062155782849,1.0,23.0,0.0,2.0,0.0,0.0,14.629999999999995,0.0
,,,,,,,,
-263.533013375295,1.0,23.0,0.0,2.0,0.0,0.0,1.7000000000000028,1.0
-141.0542092840284,1.0,23.0,0.0,2.0,0.0,0.0,6.099999999999994,0.0
-133.57540519276165,1.0,23.0,0.0,2.0,0.0,0.0,9.300000000000011,0.0
86.90339889850509,1.0,23.0,0.0,2.0,0.0,0.0,13.700000000000017,0.0
,,,,,,,,
,,,,,,,,
,,,,,,,,
,,,,,,,,
,,,,,,,,
59.776223446105405,1.0,23.0,0.0,2.0,1.0,0.0,3.0999999999999943,0.0
10.255027537372143,1.0,23.0,0.0,2.0,0.0,0.0,6.200000000000017,0.0
-54.26616837136112,1.0,23.0,0.0,2.0,0.0,0.0,9.400000000000006,0.0
71.2126357199055,1.0,23.0,0.0,2.0,0.0,0.0,12.0,0.0
,,,,,,,,
,,,,,,,,
,,,,,,,,
,,,,,,,,
,,,,,,,,
,,,,,,,,
-142.43573564122744,1.0,23.0,0.0,2.0,0.0,0.0,0.710000000000008,1.0
128.0430684500393,1.0,23.0,0.0,2.0,0.0,0.0,5.110000000000014,0.0
-5.478127458693962,1.0,23.0,0.0,2.0,0.0,0.0,7.610000000000014,0.0
-182.99932336742734,1.0,23.0,0.0,2.0,0.0,0.0,10.310000000000002,0.0
-95.5205192761606,1.0,23.0,0.0,2.0,0.0,0.0,14.409999999999997,0.0
,,,,,,,,
,,,,,,,,
,,,,,,,,
,,,,,,,,
-193.12649881982702,1.0,23.0,0.0,2.0,0.0,0.0,1.3700000000000045,1.0
159.35230527143972,1.0,23.0,0.0,2.0,1.0,0.0,4.6699999999999875,0.0
216.83110936270646,1.0,23.0,0.0,2.0,0.0,0.0,7.6699999999999875,0.0
253.3099134539732,1.0,23.0,0.0,2.0,0.0,0.0,12.069999999999993,0.0
,,,,,,,,
,,,,,,,,
,,,,,,,,
,,,,,,,,
,,,,,,,,
,,,,,,,,
,,,,,,,,
-160.85965381589313,1.0,23.0,0.0,2.0,1.0,0.0,2.2000000000000455,0.0
-31.380849724626387,1.0,23.0,0.0,2.0,0.0,0.0,6.400000000000034,0.0
-40.90204563335965,1.0,23.0,0.0,2.0,0.0,0.0,10.100000000000023,0.0
-32.42324154209291,1.0,23.0,0.0,2.0,0.0,0.0,13.100000000000023,0.0
,,,,,,,,
,,,,,,,,
,,,,,,,,
,,,,,,,,
,,,,,,,,
,,,,,,,,
,,,,,,,,
,,,,,,,,
-42.11400472069249,1.0,23.0,0.0,2.0,0.0,0.0,0.4500000000000455,1.0
-3.6352006294257535,1.0,23.0,0.0,2.0,1.0,0.0,4.75,0.0
102.84360346184098,1.0,23.0,0.0,2.0,0.0,0.0,0.19999999999998863,1.0
-57.67759244689228,1.0,23.0,0.0,2.0,1.0,0.0,3.5,0.0
-98.19878835562565,1.0,23.0,0.0,2.0,0.0,0.0,7.699999999999989,0.0
-59.719984264358914,1.0,23.0,0.0,2.0,0.0,0.0,11.5,0.0
-121.24118017309218,1.0,23.0,0.0,2.0,0.0,0.0,14.699999999999989,0.0
,,,,,,,,
,,,,,,,,
,,,,,,,,
,,,,,,,,
,,,,,,,,
,,,,,,,,
,,,,,,,,
,,,,,,,,
,,,,,,,,
,,,,,,,,
,,,,,,,,
,,,,,,,,
,,,,,,,,
,,,,,,,,
,,,,,,,,
,,,,,,,,
,,,,,,,,
33.37729346970866,1.0,23.0,0.0,2.0,1.0,0.0,2.32000000000005,0.0
138.8560975609754,1.0,23.0,0.0,2.0,0.0,0.0,5.020000000000039,0.0
51.33490165224214,1.0,23.0,0.0,2.0,0.0,0.0,8.720000000000027,0.0
28.813705743508876,1.0,23.0,0.0,2.0,0.0,0.0,11.420000000000016,0.0
-66.7074901652245,1.0,23.0,0.0,2.0,0.0,0.0,14.32000000000005,0.0
,,,,,,,,
,,,,,,,,
,,,,,,,,
,,,,,,,,
,,,,,,,,
,,,,,,,,
,,,,,,,,
,,,,,,,,
,,,,,,,,
,,,,,,,,
,,,,,,,,
,0.0,36.0,0.0,2.0,0.0,1.0,1.0,0.0
-876.6863225806449,1.0,36.0,0.0,2.0,0.0,1.0,2.5,0.0
78.45544295830086,1.0,36.0,0.0,2.0,0.0,1.0,7.1,0.0
-314.4027915027534,1.0,36.0,0.0,2.0,0.0,1.0,11.4,0.0
76.7389740361923,1.0,36.0,0.0,2.0,0.0,0.0,0.8699999999999992,1.0
97.88073957513802,1.0,36.0,0.0,2.0,0.0,0.0,5.17,0.0
-205.97749488591626,1.0,36.0,0.0,2.0,0.0,0.0,7.769999999999998,0.0
-24.83572934697054,1.0,36.0,0.0,2.0,0.0,0.0,10.97,0.0
-126.69396380802482,1.0,36.0,0.0,2.0,0.0,0.0,14.97,0.0
,,,,,,,,
,,,,,,,,
,,,,,,,,
,,,,,,,,
,,,,,,,,
,,,,,,,,
,,,,,,,,
,,,,,,,,
,,,,,,,,
,,,,,,,,
,,,,,,,,
,,,,,,,,
,,,,,,,,
153.29075373721503,1.0,36.0,0.0,2.0,0.0,0.0,0.6999999999999886,1.0
210.43251927616075,1.0,36.0,0.0,2.0,1.0,0.0,3.5999999999999943,0.0
348.57428481510647,1.0,36.0,0.0,2.0,0.0,0.0,6.299999999999997,0.0
-253.2839496459478,1.0,36.0,0.0,2.0,0.0,0.0,9.899999999999991,0.0
-180.1421841070021,1.0,36.0,0.0,2.0,0.0,0.0,13.399999999999991,0.0
,,,,,,,,
,,,,,,,,
,,,,,,,,
,,,,,,,,
,,,,,,,,
377.7084091266722,1.0,36.0,0.0,2.0,0.0,0.0,1.8299999999999983,1.0
-108.14982533438206,1.0,36.0,0.0,2.0,1.0,0.0,4.530000000000001,0.0
159.99194020456366,1.0,36.0,0.0,2.0,0.0,0.0,7.530000000000001,0.0
-23.86629425649062,1.0,36.0,0.0,2.0,0.0,0.0,11.530000000000001,0.0
-151.7245287175449,1.0,36.0,0.0,2.0,0.0,0.0,14.629999999999995,0.0
,,,,,,,,
675.5590023603465,1.0,36.0,0.0,2.0,0.0,0.0,1.7000000000000028,1.0
-137.29923210070774,1.0,36.0,0.0,2.0,0.0,0.0,6.099999999999994,0.0
-208.15746656176202,1.0,36.0,0.0,2.0,0.0,0.0,9.300000000000011,0.0
-144.0157010228163,1.0,36.0,0.0,2.0,0.0,0.0,13.700000000000017,0.0
,,,,,,,,
,,,,,,,,
,,,,,,,,
,,,,,,,,
,,,,,,,,
207.83489221085802,1.0,36.0,0.0,2.0,1.0,0.0,3.0999999999999943,0.0
-111.02334225019627,1.0,36.0,0.0,2.0,0.0,0.0,6.200000000000017,0.0
5.1184232887494545,1.0,36.0,0.0,2.0,0.0,0.0,9.400000000000006,0.0
-86.73981117230483,1.0,36.0,0.0,2.0,0.0,0.0,12.0,0.0
,,,,,,,,
,,,,,,,,
,,,,,,,,
,,,,,,,,
,,,,,,,,
,,,,,,,,
-119.74745239968502,1.0,36.0,0.0,2.0,0.0,0.0,0.710000000000008,1.0
-323.6056868607393,1.0,36.0,0.0,2.0,0.0,0.0,5.110000000000014,0.0
-286.4639213217936,1.0,36.0,0.0,2.0,0.0,0.0,7.610000000000014,0.0
-58.32215578284786,1.0,36.0,0.0,2.0,0.0,0.0,10.310000000000002,0.0
-228.18039024390214,1.0,36.0,0.0,2.0,0.0,0.0,14.409999999999997,0.0
,,,,,,,,
,,,,,,,,
,,,,,,,,
,,,,,,,,
1142.5284374508265,1.0,36.0,0.0,2.0,0.0,0.0,1.3700000000000045,1.0
526.6702029897722,1.0,36.0,0.0,2.0,1.0,0.0,4.6699999999999875,0.0
700.8119685287179,1.0,36.0,0.0,2.0,0.0,0.0,7.6699999999999875,0.0
-197.04626593233638,1.0,36.0,0.0,2.0,0.0,0.0,12.069999999999993,0.0
,,,,,,,,
,,,,,,,,
,,,,,,,,
,,,,,,,,
,,,,,,,,
,,,,,,,,
,,,,,,,,
-356.9121416207706,1.0,36.0,0.0,2.0,1.0,0.0,2.2000000000000455,0.0
-155.7703760818249,1.0,36.0,0.0,2.0,0.0,0.0,6.400000000000034,0.0
,0.0,36.0,0.0,2.0,0.0,0.0,10.100000000000023,0.0
151.3713894571208,1.0,36.0,0.0,2.0,0.0,0.0,13.100000000000023,0.0
,,,,,,,,
,,,,,,,,
,,,,,,,,
,,,,,,,,
,,,,,,,,
,,,,,,,,
,,,,,,,,
,,,,,,,,
994.6472793076323,1.0,36.0,0.0,2.0,0.0,0.0,0.4500000000000455,1.0
-21.21095515342222,1.0,36.0,0.0,2.0,1.0,0.0,4.75,0.0
-217.06918961447627,1.0,36.0,0.0,2.0,0.0,0.0,0.19999999999998863,1.0
149.07257592446922,1.0,36.0,0.0,2.0,1.0,0.0,3.5,0.0
-265.78565853658506,1.0,36.0,0.0,2.0,0.0,0.0,7.699999999999989,0.0
119.35610700236066,1.0,36.0,0.0,2.0,0.0,0.0,11.5,0.0
-164.50212745869362,1.0,36.0,0.0,2.0,0.0,0.0,14.699999999999989,0.0
,,,,,,,,
,,,,,,,,
,,,,,,,,
,,,,,,,,
,,,,,,,,
,,,,,,,,
,,,,,,,,
,,,,,,,,
,,,,,,,,
,,,,,,,,
,,,,,,,,
,,,,,,,,
,,,,,,,,
,,,,,,,,
,,,,,,,,
,,,,,,,,
,,,,,,,,
-135.2338788355621,1.0,36.0,0.0,2.0,1.0,0.0,2.32000000000005,0.0
-193.0921132966164,1.0,36.0,0.0,2.0,0.0,0.0,5.020000000000039,0.0
-172.95034775767067,1.0,36.0,0.0,2.0,0.0,0.0,8.720000000000027,0.0
537.191417781275,1.0,36.0,0.0,2.0,0.0,0.0,11.420000000000016,0.0
-489.66681667977923,1.0,36.0,0.0,2.0,0.0,0.0,14.32000000000005,0.0
,,,,,,,,
,,,,,,,,
,,,,,,,,
,,,,,,,,
,,,,,,,,
,,,,,,,,
,,,,,,,,
,,,,,,,,
,,,,,,,,
,,,,,,,,
,,,,,,,,
-92.16678779069753,1.0,38.0,0.0,2.0,0.0,1.0,1.0,0.0
-56.77808837667067,1.0,38.0,0.0,2.0,0.0,1.0,2.5,0.0
-67.38938896264403,1.0,38.0,0.0,2.0,0.0,1.0,7.1,0.0
,0.0,38.0,0.0,2.0,0.0,1.0,11.4,0.0
-59.000689548617174,1.0,38.0,0.0,2.0,0.0,0.0,0.8699999999999992,1.0
-69.61199013459054,1.0,38.0,0.0,2.0,0.0,0.0,5.17,0.0
148.77670927943632,1.0,38.0,0.0,2.0,0.0,0.0,7.769999999999998,0.0
64.16540869346295,1.0,38.0,0.0,2.0,0.0,0.0,10.97,0.0
168.5541081074898,1.0,38.0,0.0,2.0,0.0,0.0,14.97,0.0
,,,,,,,,
,,,,,,,,
,,,,,,,,
,,,,,,,,
,,,,,,,,
,,,,,,,,
,,,,,,,,
,,,,,,,,
,,,,,,,,
,,,,,,,,
,,,,,,,,
,,,,,,,,
,,,,,,,,
-86.00410009613597,1.0,38.0,0.0,2.0,0.0,0.0,0.6999999999999886,1.0
-171.61540068210934,1.0,38.0,0.0,2.0,1.0,0.0,3.5999999999999943,0.0
-98.22670126808248,1.0,38.0,0.0,2.0,0.0,0.0,6.299999999999997,0.0
25.161998145944153,1.0,38.0,0.0,2.0,0.0,0.0,9.899999999999991,0.0
13.550697559971013,1.0,38.0,0.0,2.0,0.0,0.0,13.399999999999991,0.0
,,,,,,,,
,,,,,,,,
,,,,,,,,
,,,,,,,,
,,,,,,,,
-100.11710595586874,1.0,38.0,0.0,2.0,0.0,0.0,1.8299999999999983,1.0
-120.72840654184188,1.0,38.0,0.0,2.0,1.0,0.0,4.530000000000001,0.0
329.66029287218475,1.0,38.0,0.0,2.0,0.0,0.0,7.530000000000001,0.0
35.048992286211615,1.0,38.0,0.0,2.0,0.0,0.0,11.530000000000001,0.0
-127.56230829976175,1.0,38.0,0.0,2.0,0.0,0.0,14.629999999999995,0.0
,,,,,,,,
-183.78490947170826,1.0,38.0,0.0,2.0,0.0,0.0,1.7000000000000028,1.0
-54.3962100576814,1.0,38.0,0.0,2.0,0.0,0.0,6.099999999999994,0.0
-144.00751064365477,1.0,38.0,0.0,2.0,0.0,0.0,9.300000000000011,0.0
-114.61881122962814,1.0,38.0,0.0,2.0,0.0,0.0,13.700000000000017,0.0
,,,,,,,,
,,,,,,,,
,,,,,,,,
,,,,,,,,
,,,,,,,,
50.71338525453234,1.0,38.0,0.0,2.0,1.0,0.0,3.0999999999999943,0.0
-129.8979153314408,1.0,38.0,0.0,2.0,0.0,0.0,6.200000000000017,0.0
-16.509215917414167,1.0,38.0,0.0,2.0,0.0,0.0,9.400000000000006,0.0
-129.12051650338753,1.0,38.0,0.0,2.0,0.0,0.0,12.0,0.0
,,,,,,,,
,,,,,,,,
,,,,,,,,
,,,,,,,,
,,,,,,,,
,,,,,,,,
-56.3996206052002,1.0,38.0,0.0,2.0,0.0,0.0,0.710000000000008,1.0
-79.01092119117357,1.0,38.0,0.0,2.0,0.0,0.0,5.110000000000014,0.0
-21.622221777146706,1.0,38.0,0.0,2.0,0.0,0.0,7.610000000000014,0.0
41.76647763687993,1.0,38.0,0.0,2.0,0.0,0.0,10.310000000000002,0.0
15.155177050906559,1.0,38.0,0.0,2.0,0.0,0.0,14.409999999999997,0.0
,,,,,,,,
,,,,,,,,
,,,,,,,,
,,,,,,,,
-101.9013258789596,1.0,38.0,0.0,2.0,0.0,0.0,1.3700000000000045,1.0
553.487373535067,1.0,38.0,0.0,2.0,1.0,0.0,4.6699999999999875,0.0
-75.1239270509061,1.0,38.0,0.0,2.0,0.0,0.0,7.6699999999999875,0.0
566.2647723631205,1.0,38.0,0.0,2.0,0.0,0.0,12.069999999999993,0.0
,,,,,,,,
,,,,,,,,
,,,,,,,,
,,,,,,,,
,,,,,,,,
,,,,,,,,
,,,,,,,,
41.3743676753345,1.0,38.0,0.0,2.0,1.0,0.0,2.2000000000000455,0.0
-93.23693291063887,1.0,38.0,0.0,2.0,0.0,0.0,6.400000000000034,0.0
-80.84823349661201,1.0,38.0,0.0,2.0,0.0,0.0,10.100000000000023,0.0
129.54046591741462,1.0,38.0,0.0,2.0,0.0,0.0,13.100000000000023,0.0
,,,,,,,,
,,,,,,,,
,,,,,,,,
,,,,,,,,
,,,,,,,,
,,,,,,,,
,,,,,,,,
,,,,,,,,
-56.96123935634478,1.0,38.0,0.0,2.0,0.0,0.0,0.4500000000000455,1.0
204.42746005768186,1.0,38.0,0.0,2.0,1.0,0.0,4.75,0.0
-20.183840528291284,1.0,38.0,0.0,2.0,0.0,0.0,0.19999999999998863,1.0
-12.795141114264652,1.0,38.0,0.0,2.0,1.0,0.0,3.5,0.0
-187.4064417002378,1.0,38.0,0.0,2.0,0.0,0.0,7.699999999999989,0.0
-187.01774228621116,1.0,38.0,0.0,2.0,0.0,0.0,11.5,0.0
-116.6290428721843,1.0,38.0,0.0,2.0,0.0,0.0,14.699999999999989,0.0
,,,,,,,,
,,,,,,,,
,,,,,,,,
,,,,,,,,
,,,,,,,,
,,,,,,,,
,,,,,,,,
,,,,,,,,
,,,,,,,,
,,,,,,,,
,,,,,,,,
,,,,,,,,
,,,,,,,,
,,,,,,,,
,,,,,,,,
,,,,,,,,
,,,,,,,,
-81.6324534197031,1.0,38.0,0.0,2.0,1.0,0.0,2.32000000000005,0.0
-56.243754005676465,1.0,38.0,0.0,2.0,0.0,0.0,5.020000000000039,0.0
98.1449454083504,1.0,38.0,0.0,2.0,0.0,0.0,8.720000000000027,0.0
-13.466355177622972,1.0,38.0,0.0,2.0,0.0,0.0,11.420000000000016,0.0
-92.07765576359611,1.0,38.0,0.0,2.0,0.0,0.0,14.32000000000005,0.0
,,,,,,,,
,,,,,,,,
,,,,,,,,
,,,,,,,,
,,,,,,,,
,,,,,,,,
,,,,,,,,
,,,,,,,,
,,,,,,,,
,,,,,,,,
,,,,,,,,
241.0461441213655,1.0,42.0,0.0,2.0,0.0,1.0,1.0,0.0
-99.5949704445278,1.0,42.0,0.0,2.0,0.0,1.0,2.5,0.0
22.76391498957878,1.0,42.0,0.0,2.0,0.0,1.0,7.1,0.0
1.1228004236854758,1.0,42.0,0.0,2.0,0.0,1.0,11.4,0.0
141.48168585779217,1.0,42.0,0.0,2.0,0.0,0.0,0.8699999999999992,1.0
-122.15942870810113,1.0,42.0,0.0,2.0,0.0,0.0,5.17,0.0
,0.0,42.0,0.0,2.0,0.0,0.0,7.769999999999998,0.0
,0.0,42.0,0.0,2.0,0.0,0.0,10.97,0.0
30.19945672600545,1.0,42.0,0.0,2.0,0.0,0.0,14.97,0.0
,,,,,,,,
,,,,,,,,
,,,,,,,,
,,,,,,,,
,,,,,,,,
,,,,,,,,
,,,,,,,,
,,,,,,,,
,,,,,,,,
,,,,,,,,
,,,,,,,,
,,,,,,,,
,,,,,,,,
-28.776147196501142,1.0,42.0,0.0,2.0,0.0,0.0,0.6999999999999886,1.0
-228.41726176239445,1.0,42.0,0.0,2.0,1.0,0.0,3.5999999999999943,0.0
-44.05837632828775,1.0,42.0,0.0,2.0,0.0,0.0,6.299999999999997,0.0
-45.69949089418117,1.0,42.0,0.0,2.0,0.0,0.0,9.899999999999991,0.0
-174.34060546007447,1.0,42.0,0.0,2.0,0.0,0.0,13.399999999999991,0.0
,,,,,,,,
,,,,,,,,
,,,,,,,,
,,,,,,,,
,,,,,,,,
-281.5461782895411,1.0,42.0,0.0,2.0,0.0,0.0,1.8299999999999983,1.0
-272.1872928554344,1.0,42.0,0.0,2.0,1.0,0.0,4.530000000000001,0.0
-213.8284074213277,1.0,42.0,0.0,2.0,0.0,0.0,7.530000000000001,0.0
140.53047801277887,1.0,42.0,0.0,2.0,0.0,0.0,11.530000000000001,0.0
-208.11063655311443,1.0,42.0,0.0,2.0,0.0,0.0,14.629999999999995,0.0
,,,,,,,,
-375.39286568490115,1.0,42.0,0.0,2.0,0.0,0.0,1.7000000000000028,1.0
65.96601974920554,1.0,42.0,0.0,2.0,0.0,0.0,6.099999999999994,0.0
19.32490518331224,1.0,42.0,0.0,2.0,0.0,0.0,9.300000000000011,0.0
-194.31620938258106,1.0,42.0,0.0,2.0,0.0,0.0,13.700000000000017,0.0
,,,,,,,,
,,,,,,,,
,,,,,,,,
,,,,,,,,
,,,,,,,,
-178.1628967779411,1.0,42.0,0.0,2.0,1.0,0.0,3.0999999999999943,0.0
-120.80401134383442,1.0,42.0,0.0,2.0,0.0,0.0,6.200000000000017,0.0
-251.44512590972772,1.0,42.0,0.0,2.0,0.0,0.0,9.400000000000006,0.0
-341.086240475621,1.0,42.0,0.0,2.0,0.0,0.0,12.0,0.0
,,,,,,,,
,,,,,,,,
,,,,,,,,
,,,,,,,,
,,,,,,,,
,,,,,,,,
575.0670721290189,1.0,42.0,0.0,2.0,0.0,0.0,0.710000000000008,1.0
-83.57404243687438,1.0,42.0,0.0,2.0,0.0,0.0,5.110000000000014,0.0
-387.2151570027677,1.0,42.0,0.0,2.0,0.0,0.0,7.610000000000014,0.0
117.14372843133901,1.0,42.0,0.0,2.0,0.0,0.0,10.310000000000002,0.0
9.502613865445483,1.0,42.0,0.0,2.0,0.0,0.0,14.409999999999997,0.0
,,,,,,,,
,,,,,,,,
,,,,,,,,
,,,,,,,,
-335.06184439812773,1.0,42.0,0.0,2.0,0.0,0.0,1.3700000000000045,1.0
518.297041035979,1.0,42.0,0.0,2.0,1.0,0.0,4.6699999999999875,0.0
-65.34407352991434,1.0,42.0,0.0,2.0,0.0,0.0,7.6699999999999875,0.0
-151.98518809580764,1.0,42.0,0.0,2.0,0.0,0.0,12.069999999999993,0.0
,,,,,,,,
,,,,,,,,
,,,,,,,,
,,,,,,,,
,,,,,,,,
,,,,,,,,
,,,,,,,,
-112.11410462295453,1.0,42.0,0.0,2.0,1.0,0.0,2.2000000000000455,0.0
-566.7552191888476,1.0,42.0,0.0,2.0,0.0,0.0,6.400000000000034,0.0
,0.0,42.0,0.0,2.0,0.0,0.0,10.100000000000023,0.0
,0.0,42.0,0.0,2.0,0.0,0.0,13.100000000000023,0.0
,,,,,,,,
,,,,,,,,
,,,,,,,,
,,,,,,,,
,,,,,,,,
,,,,,,,,
,,,,,,,,
,,,,,,,,
393.03920798168565,1.0,42.0,0.0,2.0,0.0,0.0,0.4500000000000455,1.0
784.3980934157923,1.0,42.0,0.0,2.0,1.0,0.0,4.75,0.0
,0.0,42.0,0.0,2.0,0.0,0.0,0.19999999999998863,1.0
,0.0,42.0,0.0,2.0,1.0,0.0,3.5,0.0
-354.24302115010096,1.0,42.0,0.0,2.0,0.0,0.0,7.699999999999989,0.0
-189.88413571599426,1.0,42.0,0.0,2.0,0.0,0.0,11.5,0.0
-374.52525028188757,1.0,42.0,0.0,2.0,0.0,0.0,14.699999999999989,0.0
,,,,,,,,
,,,,,,,,
,,,,,,,,
,,,,,,,,
,,,,,,,,
,,,,,,,,
,,,,,,,,
,,,,,,,,
,,,,,,,,
,,,,,,,,
,,,,,,,,
,,,,,,,,
,,,,,,,,
,,,,,,,,
,,,,,,,,
,,,,,,,,
,,,,,,,,
-215.78308333618088,1.0,42.0,0.0,2.0,1.0,0.0,2.32000000000005,0.0
-41.42419790207441,1.0,42.0,0.0,2.0,0.0,0.0,5.020000000000039,0.0
-649.0653124679675,1.0,42.0,0.0,2.0,0.0,0.0,8.720000000000027,0.0
-257.706427033861,1.0,42.0,0.0,2.0,0.0,0.0,11.420000000000016,0.0
-440.3475415997541,1.0,42.0,0.0,2.0,0.0,0.0,14.32000000000005,0.0
,,,,,,,,
,,,,,,,,
,,,,,,,,
,,,,,,,,
,,,,,,,,
,,,,,,,,
,,,,,,,,
,,,,,,,,
,,,,,,,,
,,,,,,,,
,,,,,,,,
,0.0,46.0,0.0,2.0,0.0,1.0,1.0,0.0
-913.6846702755909,1.0,46.0,0.0,2.0,0.0,1.0,2.5,0.0
-71.73117032246,1.0,46.0,0.0,2.0,0.0,1.0,7.1,0.0
-126.77767036932914,1.0,46.0,0.0,2.0,0.0,1.0,11.4,0.0
654.1758295838017,1.0,46.0,0.0,2.0,0.0,0.0,0.8699999999999992,1.0
-181.87067046306743,1.0,46.0,0.0,2.0,0.0,0.0,5.17,0.0
-202.91717050993657,1.0,46.0,0.0,2.0,0.0,0.0,7.769999999999998,0.0
-195.9636705568057,1.0,46.0,0.0,2.0,0.0,0.0,10.97,0.0
426.98982939632515,1.0,46.0,0.0,2.0,0.0,0.0,14.97,0.0
,,,,,,,,
,,,,,,,,
,,,,,,,,
,,,,,,,,
,,,,,,,,
,,,,,,,,
,,,,,,,,
,,,,,,,,
,,,,,,,,
,,,,,,,,
,,,,,,,,
,,,,,,,,
,,,,,,,,
-95.66117125984283,1.0,46.0,0.0,2.0,0.0,0.0,0.6999999999999886,1.0
312.292328693288,1.0,46.0,0.0,2.0,1.0,0.0,3.5999999999999943,0.0
332.2458286464189,1.0,46.0,0.0,2.0,0.0,0.0,6.299999999999997,0.0
220.19932859954974,1.0,46.0,0.0,2.0,0.0,0.0,9.899999999999991,0.0
-179.8471714473194,1.0,46.0,0.0,2.0,0.0,0.0,13.399999999999991,0.0
,,,,,,,,
,,,,,,,,
,,,,,,,,
,,,,,,,,
,,,,,,,,
-242.12617172853425,1.0,46.0,0.0,2.0,0.0,0.0,1.8299999999999983,1.0
329.8273282245966,1.0,46.0,0.0,2.0,1.0,0.0,4.530000000000001,0.0
216.78082817772747,1.0,46.0,0.0,2.0,0.0,0.0,7.530000000000001,0.0
-204.26567186914144,1.0,46.0,0.0,2.0,0.0,0.0,11.530000000000001,0.0
162.6878280839892,1.0,46.0,0.0,2.0,0.0,0.0,14.629999999999995,0.0
,,,,,,,,
-81.40517200974887,1.0,46.0,0.0,2.0,0.0,0.0,1.7000000000000028,1.0
72.54832794338199,1.0,46.0,0.0,2.0,0.0,0.0,6.099999999999994,0.0
-51.49817210348715,1.0,46.0,0.0,2.0,0.0,0.0,9.300000000000011,0.0
-159.5446721503563,1.0,46.0,0.0,2.0,0.0,0.0,13.700000000000017,0.0
,,,,,,,,
,,,,,,,,
,,,,,,,,
,,,,,,,,
,,,,,,,,
234.17632756842886,1.0,46.0,0.0,2.0,1.0,0.0,3.0999999999999943,0.0
-169.87017247844028,1.0,46.0,0.0,2.0,0.0,0.0,6.200000000000017,0.0
364.0833274746906,1.0,46.0,0.0,2.0,0.0,0.0,9.400000000000006,0.0
93.03682742782144,1.0,46.0,0.0,2.0,0.0,0.0,12.0,0.0
,,,,,,,,
,,,,,,,,
,,,,,,,,
,,,,,,,,
,,,,,,,,
,,,,,,,,
-135.28867290026255,1.0,46.0,0.0,2.0,0.0,0.0,0.710000000000008,1.0
-144.3351729471317,1.0,46.0,0.0,2.0,0.0,0.0,5.110000000000014,0.0
-326.38167299400084,1.0,46.0,0.0,2.0,0.0,0.0,7.610000000000014,0.0
-266.42817304087,1.0,46.0,0.0,2.0,0.0,0.0,10.310000000000002,0.0
-351.4746730877391,1.0,46.0,0.0,2.0,0.0,0.0,14.409999999999997,0.0
,,,,,,,,
,,,,,,,,
,,,,,,,,
,,,,,,,,
913.2928266779152,1.0,46.0,0.0,2.0,0.0,0.0,1.3700000000000045,1.0
542.246326631046,1.0,46.0,0.0,2.0,1.0,0.0,4.6699999999999875,0.0
292.1998265841769,1.0,46.0,0.0,2.0,0.0,0.0,7.6699999999999875,0.0
58.15332653730775,1.0,46.0,0.0,2.0,0.0,0.0,12.069999999999993,0.0
,,,,,,,,
,,,,,,,,
,,,,,,,,
,,,,,,,,
,,,,,,,,
,,,,,,,,
,,,,,,,,
36.78132616235462,1.0,46.0,0.0,2.0,1.0,0.0,2.2000000000000455,0.0
284.7348261154855,1.0,46.0,0.0,2.0,0.0,0.0,6.400000000000034,0.0
871.6883260686163,1.0,46.0,0.0,2.0,0.0,0.0,10.100000000000023,0.0
76.64182602174719,1.0,46.0,0.0,2.0,0.0,0.0,13.100000000000023,0.0
,,,,,,,,
,,,,,,,,
,,,,,,,,
,,,,,,,,
,,,,,,,,
,,,,,,,,
,,,,,,,,
,,,,,,,,
-182.73017435320594,1.0,46.0,0.0,2.0,0.0,0.0,0.4500000000000455,1.0
-254.77667440007508,1.0,46.0,0.0,2.0,1.0,0.0,4.75,0.0
-164.82317444694422,1.0,46.0,0.0,2.0,0.0,0.0,0.19999999999998863,1.0
-340.86967449381336,1.0,46.0,0.0,2.0,1.0,0.0,3.5,0.0
-165.9161745406824,1.0,46.0,0.0,2.0,0.0,0.0,7.699999999999989,0.0
-177.96267458755153,1.0,46.0,0.0,2.0,0.0,0.0,11.5,0.0
-195.00917463442067,1.0,46.0,0.0,2.0,0.0,0.0,14.699999999999989,0.0
,,,,,,,,
,,,,,,,,
,,,,,,,,
,,,,,,,,
,,,,,,,,
,,,,,,,,
,,,,,,,,
,,,,,,,,
,,,,,,,,
,,,,,,,,
,,,,,,,,
,,,,,,,,
,,,,,,,,
,,,,,,,,
,,,,,,,,
,,,,,,,,
,,,,,,,,
310.1538245219348,1.0,46.0,0.0,2.0,1.0,0.0,2.32000000000005,0.0
244.10732447506564,1.0,46.0,0.0,2.0,0.0,0.0,5.020000000000039,0.0
79.0608244281965,1.0,46.0,0.0,2.0,0.0,0.0,8.720000000000027,0.0
331.01432438132736,1.0,46.0,0.0,2.0,0.0,0.0,11.420000000000016,0.0
-200.03217566554179,1.0,46.0,0.0,2.0,0.0,0.0,14.32000000000005,0.0
,,,,,,,,
,,,,,,,,
,,,,,,,,
,,,,,,,,
,,,,,,,,
,,,,,,,,
,,,,,,,,
,,,,,,,,
,,,,,,,,
,,,,,,,,
,,,,,,,,
-7.742436974789825,1.0,49.0,0.0,2.0,0.0,1.0,1.0,0.0
-288.0530266343826,1.0,49.0,0.0,2.0,0.0,1.0,2.5,0.0
1.6363837060248443,1.0,49.0,0.0,2.0,0.0,1.0,7.1,0.0
-60.674205953567935,1.0,49.0,0.0,2.0,0.0,1.0,11.4,0.0
143.0152043868395,1.0,49.0,0.0,2.0,0.0,0.0,0.8699999999999992,1.0
-109.29538527275326,1.0,49.0,0.0,2.0,0.0,0.0,5.17,0.0
31.394025067654184,1.0,49.0,0.0,2.0,0.0,0.0,7.769999999999998,0.0
-21.916564591938595,1.0,49.0,0.0,2.0,0.0,0.0,10.97,0.0
116.77284574846885,1.0,49.0,0.0,2.0,0.0,0.0,14.97,0.0
,,,,,,,,
,,,,,,,,
,,,,,,,,
,,,,,,,,
,,,,,,,,
,,,,,,,,
,,,,,,,,
,,,,,,,,
,,,,,,,,
,,,,,,,,
,,,,,,,,
,,,,,,,,
,,,,,,,,
-58.9542301666429,1.0,49.0,0.0,2.0,0.0,0.0,0.6999999999999886,1.0
-166.26481982623568,1.0,49.0,0.0,2.0,1.0,0.0,3.5999999999999943,0.0
-191.57540948582823,1.0,49.0,0.0,2.0,0.0,0.0,6.299999999999997,0.0
-136.885999145421,1.0,49.0,0.0,2.0,0.0,0.0,9.899999999999991,0.0
131.80341119498644,1.0,49.0,0.0,2.0,0.0,0.0,13.399999999999991,0.0
,,,,,,,,
,,,,,,,,
,,,,,,,,
,,,,,,,,
,,,,,,,,
263.5610525566158,1.0,49.0,0.0,2.0,0.0,0.0,1.8299999999999983,1.0
,0.0,49.0,0.0,2.0,1.0,0.0,4.530000000000001,0.0
-44.749537102976774,1.0,49.0,0.0,2.0,0.0,0.0,7.530000000000001,0.0
35.93987323743045,1.0,49.0,0.0,2.0,0.0,0.0,11.530000000000001,0.0
-40.370716422162104,1.0,49.0,0.0,2.0,0.0,0.0,14.629999999999995,0.0
,,,,,,,,
-187.99189574134743,1.0,49.0,0.0,2.0,0.0,0.0,1.7000000000000028,1.0
-125.30248540094021,1.0,49.0,0.0,2.0,0.0,0.0,6.099999999999994,0.0
133.38692493946724,1.0,49.0,0.0,2.0,0.0,0.0,9.300000000000011,0.0
116.07633527987446,1.0,49.0,0.0,2.0,0.0,0.0,13.700000000000017,0.0
,,,,,,,,
,,,,,,,,
,,,,,,,,
,,,,,,,,
,,,,,,,,
32.21279732231869,1.0,49.0,0.0,2.0,1.0,0.0,3.0999999999999943,0.0
500.9022076627259,1.0,49.0,0.0,2.0,0.0,0.0,6.200000000000017,0.0
-10.408381996866638,1.0,49.0,0.0,2.0,0.0,0.0,9.400000000000006,0.0
-97.71897165645942,1.0,49.0,0.0,2.0,0.0,0.0,12.0,0.0
,,,,,,,,
,,,,,,,,
,,,,,,,,
,,,,,,,,
,,,,,,,,
,,,,,,,,
-172.89309927360796,1.0,49.0,0.0,2.0,0.0,0.0,0.710000000000008,1.0
-60.20368893320051,1.0,49.0,0.0,2.0,0.0,0.0,5.110000000000014,0.0
-39.51427859279329,1.0,49.0,0.0,2.0,0.0,0.0,7.610000000000014,0.0
-178.82486825238584,1.0,49.0,0.0,2.0,0.0,0.0,10.310000000000002,0.0
-44.13545791197839,1.0,49.0,0.0,2.0,0.0,0.0,14.409999999999997,0.0
,,,,,,,,
,,,,,,,,
,,,,,,,,
,,,,,,,,
-169.37781655034905,1.0,49.0,0.0,2.0,0.0,0.0,1.3700000000000045,1.0
-6.6884062099418315,1.0,49.0,0.0,2.0,1.0,0.0,4.6699999999999875,0.0
-13.998995869534383,1.0,49.0,0.0,2.0,0.0,0.0,7.6699999999999875,0.0
122.69041447087284,1.0,49.0,0.0,2.0,0.0,0.0,12.069999999999993,0.0
,,,,,,,,
,,,,,,,,
,,,,,,,,
,,,,,,,,
,,,,,,,,
,,,,,,,,
,,,,,,,,
-148.4837131462756,1.0,49.0,0.0,2.0,1.0,0.0,2.2000000000000455,0.0
244.20569719413174,1.0,49.0,0.0,2.0,0.0,0.0,6.400000000000034,0.0
,0.0,49.0,0.0,2.0,0.0,0.0,10.100000000000023,0.0
184.89510753453908,1.0,49.0,0.0,2.0,0.0,0.0,13.100000000000023,0.0
,,,,,,,,
,,,,,,,,
,,,,,,,,
,,,,,,,,
,,,,,,,,
,,,,,,,,
,,,,,,,,
,,,,,,,,
-98.9001994017948,1.0,49.0,0.0,2.0,0.0,0.0,0.4500000000000455,1.0
14.789210938612541,1.0,49.0,0.0,2.0,1.0,0.0,4.75,0.0
-41.521378720980124,1.0,49.0,0.0,2.0,0.0,0.0,0.19999999999998863,1.0
-57.83196838057279,1.0,49.0,0.0,2.0,1.0,0.0,3.5,0.0
11.857441959834546,1.0,49.0,0.0,2.0,0.0,0.0,7.699999999999989,0.0
40.54685230024188,1.0,49.0,0.0,2.0,0.0,0.0,11.5,0.0
-132.76373735935067,1.0,49.0,0.0,2.0,0.0,0.0,14.699999999999989,0.0
,,,,,,,,
,,,,,,,,
,,,,,,,,
,,,,,,,,
,,,,,,,,
,,,,,,,,
,,,,,,,,
,,,,,,,,
,,,,,,,,
,,,,,,,,
,,,,,,,,
,,,,,,,,
,,,,,,,,
,,,,,,,,
,,,,,,,,
,,,,,,,,
,,,,,,,,
,0.0,49.0,0.0,2.0,1.0,0.0,2.32000000000005,0.0
17.645648767981584,1.0,49.0,0.0,2.0,0.0,0.0,5.020000000000039,0.0
3.3350591083889185,1.0,49.0,0.0,2.0,0.0,0.0,8.720000000000027,0.0
47.02446944879625,1.0,49.0,0.0,2.0,0.0,0.0,11.420000000000016,0.0
-20.286120210796412,1.0,49.0,0.0,2.0,0.0,0.0,14.32000000000005,0.0
,,,,,,,,
,,,,,,,,
,,,,,,,,
,,,,,,,,
,,,,,,,,
,,,,,,,,
,,,,,,,,
,,,,,,,,
,,,,,,,,
,,,,,,,,
,,,,,,,,
301.1268571428574,1.0,6.0,0.0,3.0,0.0,1.0,1.0,0.0
-129.43544700460814,1.0,6.0,0.0,3.0,0.0,1.0,2.5,0.0
-199.99775115207353,1.0,6.0,0.0,3.0,0.0,1.0,5.9,0.0
-111.56005529953893,1.0,6.0,0.0,3.0,0.0,1.0,10.1,0.0
,0.0,6.0,0.0,3.0,0.0,1.0,13.3,0.0
105.87764055299556,1.0,6.0,0.0,3.0,1.0,0.0,3.369999999999999,0.0
-112.68466359446984,1.0,6.0,0.0,3.0,0.0,0.0,7.17,0.0
-13.24696774193535,1.0,6.0,0.0,3.0,0.0,0.0,10.269999999999998,0.0
-119.80927188940075,1.0,6.0,0.0,3.0,0.0,0.0,13.47,0.0
,,,,,,,,
,,,,,,,,
,,,,,,,,
,,,,,,,,
,,,,,,,,
,,,,,,,,
,,,,,,,,
,,,,,,,,
,,,,,,,,
,,,,,,,,
,,,,,,,,
,,,,,,,,
,,,,,,,,
-261.6815299539169,1.0,6.0,0.0,3.0,0.0,0.0,1.2999999999999972,1.0
190.75616589861772,1.0,6.0,0.0,3.0,0.0,0.0,5.199999999999989,0.0
-193.8061382488478,1.0,6.0,0.0,3.0,0.0,0.0,7.8999999999999915,0.0
-10.368442396313185,1.0,6.0,0.0,3.0,0.0,0.0,11.399999999999991,0.0
127.06925345622142,1.0,6.0,0.0,3.0,0.0,0.0,14.099999999999994,0.0
,,,,,,,,
,,,,,,,,
,,,,,,,,
,,,,,,,,
,,,,,,,,
-258.7422672811058,1.0,6.0,0.0,3.0,1.0,0.0,2.530000000000001,0.0
-99.30457142857131,1.0,6.0,0.0,3.0,0.0,0.0,6.1299999999999955,0.0
-85.8668755760367,1.0,6.0,0.0,3.0,0.0,0.0,9.730000000000004,0.0
-9.429179723502102,1.0,6.0,0.0,3.0,0.0,0.0,13.929999999999993,0.0
,,,,,,,,
-82.55378801843301,1.0,6.0,0.0,3.0,1.0,0.0,4.300000000000011,0.0
-93.11609216589841,1.0,6.0,0.0,3.0,0.0,0.0,7.599999999999994,0.0
-153.67839631336392,1.0,6.0,0.0,3.0,0.0,0.0,10.300000000000011,0.0
7.759299539170684,1.0,6.0,0.0,3.0,0.0,0.0,13.099999999999994,0.0
,,,,,,,,
,,,,,,,,
,,,,,,,,
,,,,,,,,
,,,,,,,,
194.38547465437807,1.0,6.0,0.0,3.0,0.0,0.0,0.700000000000017,1.0
-176.17682949308744,1.0,6.0,0.0,3.0,1.0,0.0,3.700000000000017,0.0
-43.739133640552836,1.0,6.0,0.0,3.0,0.0,0.0,7.200000000000017,0.0
,0.0,6.0,0.0,3.0,0.0,0.0,10.800000000000011,0.0
-17.301437788018234,1.0,6.0,0.0,3.0,0.0,0.0,14.5,0.0
,,,,,,,,
,,,,,,,,
,,,,,,,,
,,,,,,,,
,,,,,,,,
-134.67526267281096,1.0,6.0,0.0,3.0,1.0,0.0,2.4099999999999966,0.0
35.762433179723644,1.0,6.0,0.0,3.0,0.0,0.0,5.710000000000008,0.0
-178.79987096774175,1.0,6.0,0.0,3.0,0.0,0.0,9.009999999999991,0.0
-197.36217511520726,1.0,6.0,0.0,3.0,0.0,0.0,12.710000000000008,0.0
,,,,,,,,
,,,,,,,,
,,,,,,,,
,,,,,,,,
,,,,,,,,
-155.73599999999988,1.0,6.0,0.0,3.0,1.0,0.0,3.469999999999999,0.0
-183.29830414746527,1.0,6.0,0.0,3.0,0.0,0.0,6.069999999999993,0.0
-166.86060829493078,1.0,6.0,0.0,3.0,0.0,0.0,8.870000000000005,0.0
-4.422912442396182,1.0,6.0,0.0,3.0,0.0,0.0,11.469999999999999,0.0
,,,,,,,,
,,,,,,,,
,,,,,,,,
,,,,,,,,
,,,,,,,,
,,,,,,,,
,,,,,,,,
,,,,,,,,
81.5163502304149,1.0,6.0,0.0,3.0,1.0,0.0,4.0,0.0
-194.0459539170506,1.0,6.0,0.0,3.0,0.0,0.0,7.300000000000011,0.0
17.391741935483992,1.0,6.0,0.0,3.0,0.0,0.0,11.300000000000011,0.0
,,,,,,,,
,,,,,,,,
,,,,,,,,
,,,,,,,,
,,,,,,,,
,,,,,,,,
,,,,,,,,
,,,,,,,,
324.3310046082951,1.0,6.0,0.0,3.0,1.0,0.0,2.3500000000000227,0.0
-101.23129953917044,1.0,6.0,0.0,3.0,0.0,0.0,5.9500000000000455,0.0
-191.79360368663583,1.0,6.0,0.0,3.0,0.0,0.0,1.1000000000000227,1.0
148.64409216589877,1.0,6.0,0.0,3.0,1.0,0.0,3.6000000000000227,0.0
-4.918211981566742,1.0,6.0,0.0,3.0,0.0,0.0,6.600000000000023,0.0
511.51948387096786,1.0,6.0,0.0,3.0,0.0,0.0,9.400000000000034,0.0
-119.04282027649754,1.0,6.0,0.0,3.0,0.0,0.0,12.5,0.0
,,,,,,,,
,,,,,,,,
,,,,,,,,
,,,,,,,,
,,,,,,,,
,,,,,,,,
,,,,,,,,
,,,,,,,,
,,,,,,,,
,,,,,,,,
,,,,,,,,
,,,,,,,,
,,,,,,,,
,,,,,,,,
,,,,,,,,
,,,,,,,,
,,,,,,,,
,,,,,,,,
-183.72659907834088,1.0,6.0,0.0,3.0,1.0,0.0,2.5200000000000387,0.0
-246.2889032258064,1.0,6.0,0.0,3.0,0.0,0.0,6.6200000000000045,0.0
,0.0,6.0,0.0,3.0,0.0,0.0,10.32000000000005,0.0
-50.85120737327179,1.0,6.0,0.0,3.0,0.0,0.0,13.220000000000027,0.0
,,,,,,,,
,,,,,,,,
,,,,,,,,
,,,,,,,,
,,,,,,,,
,,,,,,,,
,,,,,,,,
,,,,,,,,
,,,,,,,,
,,,,,,,,
,,,,,,,,
,,,,,,,,
-196.11119186046471,1.0,7.0,0.0,3.0,0.0,1.0,1.0,0.0
-200.44470163431572,1.0,7.0,0.0,3.0,0.0,1.0,2.5,0.0
-258.7782114081666,1.0,7.0,0.0,3.0,0.0,1.0,5.9,0.0
-106.11172118201762,1.0,7.0,0.0,3.0,0.0,1.0,10.1,0.0
-144.4452309558685,1.0,7.0,0.0,3.0,0.0,1.0,13.3,0.0
121.22125927028048,1.0,7.0,0.0,3.0,1.0,0.0,3.369999999999999,0.0
-203.1122505035704,1.0,7.0,0.0,3.0,0.0,0.0,7.17,0.0
-299.4457602774214,1.0,7.0,0.0,3.0,0.0,0.0,10.269999999999998,0.0
-259.7792700512723,1.0,7.0,0.0,3.0,0.0,0.0,13.47,0.0
,,,,,,,,
,,,,,,,,
,,,,,,,,
,,,,,,,,
,,,,,,,,
,,,,,,,,
,,,,,,,,
,,,,,,,,
,,,,,,,,
,,,,,,,,
,,,,,,,,
,,,,,,,,
,,,,,,,,
59.55159311481441,1.0,7.0,0.0,3.0,0.0,0.0,1.2999999999999972,1.0
29.218083340963517,1.0,7.0,0.0,3.0,0.0,0.0,5.199999999999989,0.0
51.88457356711251,1.0,7.0,0.0,3.0,0.0,0.0,7.8999999999999915,0.0
-276.4489362067384,1.0,7.0,0.0,3.0,0.0,0.0,11.399999999999991,0.0
50.21755401941061,1.0,7.0,0.0,3.0,0.0,0.0,14.099999999999994,0.0
,,,,,,,,
,,,,,,,,
,,,,,,,,
,,,,,,,,
,,,,,,,,
-60.78350462369497,1.0,7.0,0.0,3.0,1.0,0.0,2.530000000000001,0.0
-72.11701439754597,1.0,7.0,0.0,3.0,0.0,0.0,6.1299999999999955,0.0
-139.45052417139686,1.0,7.0,0.0,3.0,0.0,0.0,9.730000000000004,0.0
,0.0,7.0,0.0,3.0,0.0,0.0,13.929999999999993,0.0
,,,,,,,,
26.882456280901238,1.0,7.0,0.0,3.0,1.0,0.0,4.300000000000011,0.0
-55.45105349294977,1.0,7.0,0.0,3.0,0.0,0.0,7.599999999999994,0.0
-190.78456326680066,1.0,7.0,0.0,3.0,0.0,0.0,10.300000000000011,0.0
-43.118073040651666,1.0,7.0,0.0,3.0,0.0,0.0,13.099999999999994,0.0
,,,,,,,,
,,,,,,,,
,,,,,,,,
,,,,,,,,
,,,,,,,,
-84.11913168375736,1.0,7.0,0.0,3.0,0.0,0.0,0.700000000000017,1.0
-69.45264145760825,1.0,7.0,0.0,3.0,1.0,0.0,3.700000000000017,0.0
-70.78615123145914,1.0,7.0,0.0,3.0,0.0,0.0,7.200000000000017,0.0
63.88033899468985,1.0,7.0,0.0,3.0,0.0,0.0,10.800000000000011,0.0
-182.45317077916104,1.0,7.0,0.0,3.0,0.0,0.0,14.5,0.0
,,,,,,,,
,,,,,,,,
,,,,,,,,
,,,,,,,,
,,,,,,,,
-133.45422942226674,1.0,7.0,0.0,3.0,1.0,0.0,2.4099999999999966,0.0
-205.78773919611774,1.0,7.0,0.0,3.0,0.0,0.0,5.710000000000008,0.0
-254.12124896996863,1.0,7.0,0.0,3.0,0.0,0.0,9.009999999999991,0.0
27.54524125618036,1.0,7.0,0.0,3.0,0.0,0.0,12.710000000000008,0.0
,,,,,,,,
,,,,,,,,
,,,,,,,,
,,,,,,,,
,,,,,,,,
-172.45581738692522,1.0,7.0,0.0,3.0,1.0,0.0,3.469999999999999,0.0
-263.7893271607762,1.0,7.0,0.0,3.0,0.0,0.0,6.069999999999993,0.0
-83.12283693462712,1.0,7.0,0.0,3.0,0.0,0.0,8.870000000000005,0.0
-219.45634670847812,1.0,7.0,0.0,3.0,0.0,0.0,11.469999999999999,0.0
,,,,,,,,
,,,,,,,,
,,,,,,,,
,,,,,,,,
,,,,,,,,
,,,,,,,,
,,,,,,,,
,,,,,,,,
239.5420653268634,1.0,7.0,0.0,3.0,1.0,0.0,4.0,0.0
494.2085555530124,1.0,7.0,0.0,3.0,0.0,0.0,7.300000000000011,0.0
93.8750457791615,1.0,7.0,0.0,3.0,0.0,0.0,11.300000000000011,0.0
,,,,,,,,
,,,,,,,,
,,,,,,,,
,,,,,,,,
,,,,,,,,
,,,,,,,,
,,,,,,,,
,,,,,,,,
335.873457814503,1.0,7.0,0.0,3.0,1.0,0.0,2.3500000000000227,0.0
42.53994804065201,1.0,7.0,0.0,3.0,0.0,0.0,5.9500000000000455,0.0
-40.793561733198885,1.0,7.0,0.0,3.0,0.0,0.0,1.1000000000000227,1.0
-55.12707150704989,1.0,7.0,0.0,3.0,1.0,0.0,3.6000000000000227,0.0
105.53941871909922,1.0,7.0,0.0,3.0,0.0,0.0,6.600000000000023,0.0
275.2059089452482,1.0,7.0,0.0,3.0,0.0,0.0,9.400000000000034,0.0
-113.12760082860268,1.0,7.0,0.0,3.0,0.0,0.0,12.5,0.0
,,,,,,,,
,,,,,,,,
,,,,,,,,
,,,,,,,,
,,,,,,,,
,,,,,,,,
,,,,,,,,
,,,,,,,,
,,,,,,,,
,,,,,,,,
,,,,,,,,
,,,,,,,,
,,,,,,,,
,,,,,,,,
,,,,,,,,
,,,,,,,,
,,,,,,,,
,,,,,,,,
-230.46428653177065,1.0,7.0,0.0,3.0,1.0,0.0,2.5200000000000387,0.0
-359.79779630562155,1.0,7.0,0.0,3.0,0.0,0.0,6.6200000000000045,0.0
293.86869392052745,1.0,7.0,0.0,3.0,0.0,0.0,10.32000000000005,0.0
239.53518414667656,1.0,7.0,0.0,3.0,0.0,0.0,13.220000000000027,0.0
,,,,,,,,
,,,,,,,,
,,,,,,,,
,,,,,,,,
,,,,,,,,
,,,,,,,,
,,,,,,,,
,,,,,,,,
,,,,,,,,
,,,,,,,,
,,,,,,,,
,,,,,,,,
,0.0,10.0,0.0,3.0,0.0,1.0,1.0,0.0
,0.0,10.0,0.0,3.0,0.0,1.0,2.5,0.0
506.1612305939328,1.0,10.0,0.0,3.0,0.0,1.0,5.9,0.0
-276.023909955116,1.0,10.0,0.0,3.0,0.0,1.0,10.1,0.0
669.7909494958352,1.0,10.0,0.0,3.0,0.0,1.0,13.3,0.0
-67.39419105321372,1.0,10.0,0.0,3.0,1.0,0.0,3.369999999999999,0.0
-323.5793316022625,1.0,10.0,0.0,3.0,0.0,0.0,7.17,0.0
-317.76447215131134,1.0,10.0,0.0,3.0,0.0,0.0,10.269999999999998,0.0
-20.94961270036015,1.0,10.0,0.0,3.0,0.0,0.0,13.47,0.0
,,,,,,,,
,,,,,,,,
,,,,,,,,
,,,,,,,,
,,,,,,,,
,,,,,,,,
,,,,,,,,
,,,,,,,,
,,,,,,,,
,,,,,,,,
,,,,,,,,
,,,,,,,,
,,,,,,,,
-178.54158038704372,1.0,10.0,0.0,3.0,0.0,0.0,1.2999999999999972,1.0
101.27327906390747,1.0,10.0,0.0,3.0,0.0,0.0,5.199999999999989,0.0
-192.91186148514134,1.0,10.0,0.0,3.0,0.0,0.0,7.8999999999999915,0.0
-344.09700203419027,1.0,10.0,0.0,3.0,0.0,0.0,11.399999999999991,0.0
175.71785741676092,1.0,10.0,0.0,3.0,0.0,0.0,14.099999999999994,0.0
,,,,,,,,
,,,,,,,,
,,,,,,,,
,,,,,,,,
,,,,,,,,
873.607014122468,1.0,10.0,0.0,3.0,1.0,0.0,2.530000000000001,0.0
-133.57812642658087,1.0,10.0,0.0,3.0,0.0,0.0,6.1299999999999955,0.0
239.23673302437032,1.0,10.0,0.0,3.0,0.0,0.0,9.730000000000004,0.0
-42.94840752467849,1.0,10.0,0.0,3.0,0.0,0.0,13.929999999999993,0.0
,,,,,,,,
34.68131137722389,1.0,10.0,0.0,3.0,1.0,0.0,4.300000000000011,0.0
-216.50382917182492,1.0,10.0,0.0,3.0,0.0,0.0,7.599999999999994,0.0
-251.68896972087384,1.0,10.0,0.0,3.0,0.0,0.0,10.300000000000011,0.0
,0.0,10.0,0.0,3.0,0.0,0.0,13.099999999999994,0.0
,,,,,,,,
,,,,,,,,
,,,,,,,,
,,,,,,,,
,,,,,,,,
-134.6146724661179,1.0,10.0,0.0,3.0,0.0,0.0,0.700000000000017,1.0
27.20018698483318,1.0,10.0,0.0,3.0,1.0,0.0,3.700000000000017,0.0
279.01504643578437,1.0,10.0,0.0,3.0,0.0,0.0,7.200000000000017,0.0
-81.17009411326444,1.0,10.0,0.0,3.0,0.0,0.0,10.800000000000011,0.0
,0.0,10.0,0.0,3.0,0.0,0.0,14.5,0.0
,,,,,,,,
,,,,,,,,
,,,,,,,,
,,,,,,,,
,,,,,,,,
-83.28093740755742,1.0,10.0,0.0,3.0,1.0,0.0,2.4099999999999966,0.0
-100.46607795660623,1.0,10.0,0.0,3.0,0.0,0.0,5.710000000000008,0.0
-152.65121850565504,1.0,10.0,0.0,3.0,0.0,0.0,9.009999999999991,0.0
-77.83635905470385,1.0,10.0,0.0,3.0,0.0,0.0,12.710000000000008,0.0
,,,,,,,,
,,,,,,,,
,,,,,,,,
,,,,,,,,
,,,,,,,,
-98.76206179994801,1.0,10.0,0.0,3.0,1.0,0.0,3.469999999999999,0.0
-261.9472023489968,1.0,10.0,0.0,3.0,0.0,0.0,6.069999999999993,0.0
-113.13234289804564,1.0,10.0,0.0,3.0,0.0,0.0,8.870000000000005,0.0
-110.31748344709445,1.0,10.0,0.0,3.0,0.0,0.0,11.469999999999999,0.0
,,,,,,,,
,,,,,,,,
,,,,,,,,
,,,,,,,,
,,,,,,,,
,,,,,,,,
,,,,,,,,
,,,,,,,,
320.38653270956377,1.0,10.0,0.0,3.0,1.0,0.0,4.0,0.0
-99.79860783948516,1.0,10.0,0.0,3.0,0.0,0.0,7.300000000000011,0.0
-74.98374838853397,1.0,10.0,0.0,3.0,0.0,0.0,11.300000000000011,0.0
,,,,,,,,
,,,,,,,,
,,,,,,,,
,,,,,,,,
,,,,,,,,
,,,,,,,,
,,,,,,,,
,,,,,,,,
130.34998667002662,1.0,10.0,0.0,3.0,1.0,0.0,2.3500000000000227,0.0
-162.8351538790222,1.0,10.0,0.0,3.0,0.0,0.0,5.9500000000000455,0.0
,0.0,10.0,0.0,3.0,0.0,0.0,1.1000000000000227,1.0
,0.0,10.0,0.0,3.0,1.0,0.0,3.6000000000000227,0.0
-150.020294428071,1.0,10.0,0.0,3.0,0.0,0.0,6.600000000000023,0.0
-156.2054349771198,1.0,10.0,0.0,3.0,0.0,0.0,9.400000000000034,0.0
-58.39057552616873,1.0,10.0,0.0,3.0,0.0,0.0,12.5,0.0
,,,,,,,,
,,,,,,,,
,,,,,,,,
,,,,,,,,
,,,,,,,,
,,,,,,,,
,,,,,,,,
,,,,,,,,
,,,,,,,,
,,,,,,,,
,,,,,,,,
,,,,,,,,
,,,,,,,,
,,,,,,,,
,,,,,,,,
,,,,,,,,
,,,,,,,,
,,,,,,,,
337.09175404190364,1.0,10.0,0.0,3.0,1.0,0.0,2.5200000000000387,0.0
-80.09338650714517,1.0,10.0,0.0,3.0,0.0,0.0,6.6200000000000045,0.0
-230.2785270561941,1.0,10.0,0.0,3.0,0.0,0.0,10.32000000000005,0.0
-183.4636676052429,1.0,10.0,0.0,3.0,0.0,0.0,13.220000000000027,0.0
,,,,,,,,
,,,,,,,,
,,,,,,,,
,,,,,,,,
,,,,,,,,
,,,,,,,,
,,,,,,,,
,,,,,,,,
,,,,,,,,
,,,,,,,,
,,,,,,,,
,,,,,,,,
,0.0,15.0,0.0,3.0,0.0,1.0,1.0,0.0
-788.5815523059621,1.0,15.0,0.0,3.0,0.0,1.0,2.5,0.0
69.8951811023619,1.0,15.0,0.0,3.0,0.0,1.0,5.9,0.0
88.37191451068588,1.0,15.0,0.0,3.0,0.0,1.0,10.1,0.0
170.84864791900975,1.0,15.0,0.0,3.0,0.0,1.0,13.3,0.0
-169.67461867266627,1.0,15.0,0.0,3.0,1.0,0.0,3.369999999999999,0.0
-133.1978852643423,1.0,15.0,0.0,3.0,0.0,0.0,7.17,0.0
-227.7211518560183,1.0,15.0,0.0,3.0,0.0,0.0,10.269999999999998,0.0
279.75558155230567,1.0,15.0,0.0,3.0,0.0,0.0,13.47,0.0
,,,,,,,,
,,,,,,,,
,,,,,,,,
,,,,,,,,
,,,,,,,,
,,,,,,,,
,,,,,,,,
,,,,,,,,
,,,,,,,,
,,,,,,,,
,,,,,,,,
,,,,,,,,
,,,,,,,,
-211.57015073115883,1.0,15.0,0.0,3.0,0.0,0.0,1.2999999999999972,1.0
-252.09341732283485,1.0,15.0,0.0,3.0,0.0,0.0,5.199999999999989,0.0
-139.616683914511,1.0,15.0,0.0,3.0,0.0,0.0,7.8999999999999915,0.0
-186.139950506187,1.0,15.0,0.0,3.0,0.0,0.0,11.399999999999991,0.0
,0.0,15.0,0.0,3.0,0.0,0.0,14.099999999999994,0.0
,,,,,,,,
,,,,,,,,
,,,,,,,,
,,,,,,,,
,,,,,,,,
-145.27955005624324,1.0,15.0,0.0,3.0,1.0,0.0,2.530000000000001,0.0
211.19718335208074,1.0,15.0,0.0,3.0,0.0,0.0,6.1299999999999955,0.0
342.6739167604047,1.0,15.0,0.0,3.0,0.0,0.0,9.730000000000004,0.0
-63.8493498312713,1.0,15.0,0.0,3.0,0.0,0.0,13.929999999999993,0.0
,,,,,,,,
202.10411698537666,1.0,15.0,0.0,3.0,1.0,0.0,4.300000000000011,0.0
70.58085039370053,1.0,15.0,0.0,3.0,0.0,0.0,7.599999999999994,0.0
-169.9424161979755,1.0,15.0,0.0,3.0,0.0,0.0,10.300000000000011,0.0
-61.46568278965151,1.0,15.0,0.0,3.0,0.0,0.0,13.099999999999994,0.0
,,,,,,,,
,,,,,,,,
,,,,,,,,
,,,,,,,,
,,,,,,,,
-317.60528233970774,1.0,15.0,0.0,3.0,0.0,0.0,0.700000000000017,1.0
-179.12854893138376,1.0,15.0,0.0,3.0,1.0,0.0,3.700000000000017,0.0
272.3481844769402,1.0,15.0,0.0,3.0,0.0,0.0,7.200000000000017,0.0
566.8249178852642,1.0,15.0,0.0,3.0,0.0,0.0,10.800000000000011,0.0
-108.69834870641182,1.0,15.0,0.0,3.0,0.0,0.0,14.5,0.0
,,,,,,,,
,,,,,,,,
,,,,,,,,
,,,,,,,,
,,,,,,,,
23.162051743531947,1.0,15.0,0.0,3.0,1.0,0.0,2.4099999999999966,0.0
-85.36121484814407,1.0,15.0,0.0,3.0,0.0,0.0,5.710000000000008,0.0
212.1155185601799,1.0,15.0,0.0,3.0,0.0,0.0,9.009999999999991,0.0
-52.407748031496226,1.0,15.0,0.0,3.0,0.0,0.0,12.710000000000008,0.0
,,,,,,,,
,,,,,,,,
,,,,,,,,
,,,,,,,,
,,,,,,,,
-156.02408098987632,1.0,15.0,0.0,3.0,1.0,0.0,3.469999999999999,0.0
-51.54734758155246,1.0,15.0,0.0,3.0,0.0,0.0,6.069999999999993,0.0
18.929385826771522,1.0,15.0,0.0,3.0,0.0,0.0,8.870000000000005,0.0
531.4061192350955,1.0,15.0,0.0,3.0,0.0,0.0,11.469999999999999,0.0
,,,,,,,,
,,,,,,,,
,,,,,,,,
,,,,,,,,
,,,,,,,,
,,,,,,,,
,,,,,,,,
,,,,,,,,
344.6967199100112,1.0,15.0,0.0,3.0,1.0,0.0,4.0,0.0
799.1734533183352,1.0,15.0,0.0,3.0,0.0,0.0,7.300000000000011,0.0
134.65018672665906,1.0,15.0,0.0,3.0,0.0,0.0,11.300000000000011,0.0
,,,,,,,,
,,,,,,,,
,,,,,,,,
,,,,,,,,
,,,,,,,,
,,,,,,,,
,,,,,,,,
,,,,,,,,
53.94078740157477,1.0,15.0,0.0,3.0,1.0,0.0,2.3500000000000227,0.0
-38.58247919010125,1.0,15.0,0.0,3.0,0.0,0.0,5.9500000000000455,0.0
-118.10574578177727,1.0,15.0,0.0,3.0,0.0,0.0,1.1000000000000227,1.0
-335.6290123734533,1.0,15.0,0.0,3.0,1.0,0.0,3.6000000000000227,0.0
-295.1522789651293,1.0,15.0,0.0,3.0,0.0,0.0,6.600000000000023,0.0
29.324454443194554,1.0,15.0,0.0,3.0,0.0,0.0,9.400000000000034,0.0
6.801187851518534,1.0,15.0,0.0,3.0,0.0,0.0,12.5,0.0
,,,,,,,,
,,,,,,,,
,,,,,,,,
,,,,,,,,
,,,,,,,,
,,,,,,,,
,,,,,,,,
,,,,,,,,
,,,,,,,,
,,,,,,,,
,,,,,,,,
,,,,,,,,
,,,,,,,,
,,,,,,,,
,,,,,,,,
,,,,,,,,
,,,,,,,,
,,,,,,,,
582.8591226096739,1.0,15.0,0.0,3.0,1.0,0.0,2.5200000000000387,0.0
-75.6641439820022,1.0,15.0,0.0,3.0,0.0,0.0,6.6200000000000045,0.0
-99.18741057367822,1.0,15.0,0.0,3.0,0.0,0.0,10.32000000000005,0.0
-341.71067716535424,1.0,15.0,0.0,3.0,0.0,0.0,13.220000000000027,0.0
,,,,,,,,
,,,,,,,,
,,,,,,,,
,,,,,,,,
,,,,,,,,
,,,,,,,,
,,,,,,,,
,,,,,,,,
,,,,,,,,
,,,,,,,,
,,,,,,,,
,,,,,,,,
