RT,acc,subj,cartoon,clip,afterPeak,b41stBound,dist,peak
88.86353050768514,1.0,2.0,2.0,4.0,0.0,1.0,1.0,0.0
-81.62518297957274,1.0,2.0,2.0,4.0,0.0,1.0,2.5,0.0
3.886103533169262,1.0,2.0,2.0,4.0,0.0,1.0,5.0,0.0
-129.60260995408873,1.0,2.0,2.0,4.0,0.0,1.0,8.9,0.0
39.90867655865327,1.0,2.0,2.0,4.0,0.0,1.0,12.6,0.0
57.41996307139539,1.0,2.0,2.0,4.0,0.0,0.0,1.2699999999999996,1.0
-49.06875041586261,1.0,2.0,2.0,4.0,1.0,0.0,4.369999999999999,0.0
-66.5574639031206,1.0,2.0,2.0,4.0,0.0,0.0,8.269999999999998,0.0
-110.0461773903786,1.0,2.0,2.0,4.0,0.0,0.0,11.97,0.0
-48.534890877636485,1.0,2.0,2.0,4.0,0.0,0.0,16.369999999999997,0.0
5.9763956351055185,1.0,2.0,2.0,4.0,0.0,0.0,19.769999999999996,0.0
-4.512317852152478,1.0,2.0,2.0,4.0,0.0,0.0,22.269999999999996,0.0
,,,,,,,,
,,,,,,,,
,,,,,,,,
,,,,,,,,
,,,,,,,,
,,,,,,,,
,,,,,,,,
,,,,,,,,
,,,,,,,,
,,,,,,,,
,,,,,,,,
59.62312030075191,1.0,2.0,2.0,4.0,0.0,0.0,0.09999999999999432,1.0
-91.86559318650609,1.0,2.0,2.0,4.0,1.0,0.0,4.5,0.0
-46.35430667376397,1.0,2.0,2.0,4.0,0.0,0.0,8.399999999999991,0.0
-128.84302016102197,1.0,2.0,2.0,4.0,0.0,0.0,10.899999999999991,0.0
-195.33173364827996,1.0,2.0,2.0,4.0,0.0,0.0,15.399999999999991,0.0
254.17955286446204,1.0,2.0,2.0,4.0,0.0,0.0,18.0,0.0
-92.30916062279584,1.0,2.0,2.0,4.0,0.0,0.0,20.89999999999999,0.0
-131.79787411005384,1.0,2.0,2.0,4.0,0.0,0.0,24.799999999999997,0.0
,,,,,,,,
145.22469891543017,1.0,2.0,2.0,4.0,0.0,0.0,0.730000000000004,1.0
-152.26401457182772,1.0,2.0,2.0,4.0,1.0,0.0,4.829999999999998,0.0
182.2472719409143,1.0,2.0,2.0,4.0,0.0,0.0,9.030000000000001,0.0
-68.24144154634371,1.0,2.0,2.0,4.0,0.0,0.0,12.129999999999995,0.0
201.2698449663983,1.0,2.0,2.0,4.0,0.0,0.0,15.230000000000004,1.0
-137.2188685208596,1.0,2.0,2.0,4.0,0.0,0.0,0.4000000000000057,1.0
152.29241799188242,1.0,2.0,2.0,4.0,1.0,0.0,3.4000000000000057,0.0
-94.19629549537558,1.0,2.0,2.0,4.0,0.0,0.0,6.599999999999994,0.0
-96.68500898263358,1.0,2.0,2.0,4.0,0.0,0.0,9.900000000000006,0.0
107.82627753010854,1.0,2.0,2.0,4.0,0.0,0.0,14.300000000000011,0.0
33.337564042850545,1.0,2.0,2.0,4.0,0.0,0.0,18.400000000000006,0.0
45.84885055559255,1.0,2.0,2.0,4.0,0.0,0.0,21.80000000000001,0.0
,,,,,,,,
,,,,,,,,
818.3827100938187,1.0,2.0,2.0,4.0,0.0,0.0,2.5,1.0
220.89399660656068,1.0,2.0,2.0,4.0,1.0,0.0,5.099999999999994,0.0
-22.594716880697206,1.0,2.0,2.0,4.0,0.0,0.0,7.800000000000011,0.0
-9.083430367955202,1.0,2.0,2.0,4.0,0.0,0.0,10.900000000000006,0.0
-111.5721438552132,1.0,2.0,2.0,4.0,0.0,0.0,13.5,0.0
134.9391426575288,1.0,2.0,2.0,4.0,0.0,0.0,16.599999999999994,0.0
20.45042917027081,1.0,2.0,2.0,4.0,0.0,0.0,19.900000000000006,0.0
182.96171568301293,1.0,2.0,2.0,4.0,0.0,0.0,23.80000000000001,0.0
,,,,,,,,
,,,,,,,,
34.49557522123905,1.0,2.0,2.0,4.0,0.0,0.0,1.4099999999999966,1.0
62.006861733981054,1.0,2.0,2.0,4.0,1.0,0.0,5.509999999999991,0.0
-33.48185175327694,1.0,2.0,2.0,4.0,0.0,0.0,9.710000000000008,0.0
-49.97056524053494,1.0,2.0,2.0,4.0,0.0,0.0,13.110000000000014,0.0
-58.459278727792935,1.0,2.0,2.0,4.0,0.0,0.0,16.710000000000008,0.0
-52.94799221505082,1.0,2.0,2.0,4.0,0.0,0.0,19.409999999999997,0.0
10.563294297691186,1.0,2.0,2.0,4.0,0.0,0.0,23.110000000000014,0.0
,,,,,,,,
,,,,,,,,
139.0971538359173,1.0,2.0,2.0,4.0,0.0,0.0,1.3700000000000045,1.0
150.60844034865931,1.0,2.0,2.0,4.0,1.0,0.0,5.269999999999982,0.0
49.11972686140132,1.0,2.0,2.0,4.0,0.0,0.0,9.370000000000005,0.0
-103.36898662585668,1.0,2.0,2.0,4.0,0.0,0.0,13.069999999999993,0.0
-47.85770011311456,1.0,2.0,2.0,4.0,0.0,0.0,16.069999999999993,0.0
-110.34641360037256,1.0,2.0,2.0,4.0,0.0,0.0,19.269999999999982,0.0
19.164872912369447,1.0,2.0,2.0,4.0,0.0,0.0,22.069999999999993,0.0
,,,,,,,,
,,,,,,,,
,,,,,,,,
,,,,,,,,
,,,,,,,,
52.232591988821696,1.0,2.0,2.0,4.0,1.0,0.0,3.5,0.0
70.7438785015637,1.0,2.0,2.0,4.0,0.0,0.0,6.300000000000011,0.0
39.2551650143057,1.0,2.0,2.0,4.0,0.0,0.0,9.100000000000023,0.0
172.76645152704782,1.0,2.0,2.0,4.0,0.0,0.0,12.0,0.0
66.27773803978982,1.0,2.0,2.0,4.0,0.0,0.0,15.700000000000045,0.0
-64.21097544746817,1.0,2.0,2.0,4.0,0.0,0.0,20.100000000000023,0.0
-142.69968893472605,1.0,2.0,2.0,4.0,0.0,0.0,23.5,0.0
,,,,,,,,
,,,,,,,,
,,,,,,,,
,,,,,,,,
,,,,,,,,
-131.63196985827392,1.0,2.0,2.0,4.0,0.0,0.0,0.5500000000000114,1.0
-166.12068334553192,1.0,2.0,2.0,4.0,1.0,0.0,3.4500000000000455,0.0
-192.6093968327898,1.0,2.0,2.0,4.0,0.0,0.0,6.550000000000011,1.0
-142.0981103200479,1.0,2.0,2.0,4.0,0.0,0.0,2.900000000000034,1.0
19.41317619269421,1.0,2.0,2.0,4.0,1.0,0.0,5.5,0.0
190.9244627054362,1.0,2.0,2.0,4.0,0.0,0.0,9.0,0.0
28.435749218178216,1.0,2.0,2.0,4.0,0.0,0.0,12.100000000000023,0.0
-21.052964269079666,1.0,2.0,2.0,4.0,0.0,0.0,15.699999999999989,0.0
71.45832224366234,1.0,2.0,2.0,4.0,0.0,0.0,19.0,0.0
-59.03039124359566,1.0,2.0,2.0,4.0,0.0,0.0,22.30000000000001,0.0
,,,,,,,,
,,,,,,,,
,,,,,,,,
,,,,,,,,
,,,,,,,,
,,,,,,,,
,,,,,,,,
,,,,,,,,
,,,,,,,,
,,,,,,,,
,,,,,,,,
,,,,,,,,
,,,,,,,,
33.12761993479285,1.0,2.0,2.0,4.0,0.0,0.0,1.1200000000000045,1.0
-11.260643821391227,1.0,4.0,2.0,4.0,0.0,1.0,1.0,0.0
-163.76727600462368,1.0,4.0,2.0,4.0,0.0,1.0,2.5,0.0
-5.273908187856023,1.0,4.0,2.0,4.0,0.0,1.0,5.0,0.0
,0.0,4.0,2.0,4.0,0.0,1.0,8.9,0.0
-19.780540371088478,1.0,4.0,2.0,4.0,0.0,1.0,12.6,0.0
-60.28717255432093,1.0,4.0,2.0,4.0,0.0,0.0,1.2699999999999996,1.0
-97.79380473755339,1.0,4.0,2.0,4.0,1.0,0.0,4.369999999999999,0.0
175.69956307921416,1.0,4.0,2.0,4.0,0.0,0.0,8.269999999999998,0.0
-225.80706910401818,1.0,4.0,2.0,4.0,0.0,0.0,11.97,0.0
-251.31370128725064,1.0,4.0,2.0,4.0,0.0,0.0,16.369999999999997,0.0
17.179666529516908,1.0,4.0,2.0,4.0,0.0,0.0,19.769999999999996,0.0
-151.32696565371555,1.0,4.0,2.0,4.0,0.0,0.0,22.269999999999996,0.0
,,,,,,,,
,,,,,,,,
,,,,,,,,
,,,,,,,,
,,,,,,,,
,,,,,,,,
,,,,,,,,
,,,,,,,,
,,,,,,,,
,,,,,,,,
,,,,,,,,
-66.39328748603987,1.0,4.0,2.0,4.0,0.0,0.0,0.09999999999999432,1.0
42.10008033072779,1.0,4.0,2.0,4.0,1.0,0.0,4.5,0.0
12.593448147495337,1.0,4.0,2.0,4.0,0.0,0.0,8.399999999999991,0.0
-164.91318403573712,1.0,4.0,2.0,4.0,0.0,0.0,10.899999999999991,0.0
113.58018378103043,1.0,4.0,2.0,4.0,0.0,0.0,15.399999999999991,0.0
72.07355159779797,1.0,4.0,2.0,4.0,0.0,0.0,18.0,0.0
200.56691941456563,1.0,4.0,2.0,4.0,0.0,0.0,20.89999999999999,0.0
205.06028723133318,1.0,4.0,2.0,4.0,0.0,0.0,24.799999999999997,0.0
,,,,,,,,
76.04702286486827,1.0,4.0,2.0,4.0,0.0,0.0,0.730000000000004,1.0
-18.459609318364187,1.0,4.0,2.0,4.0,1.0,0.0,4.829999999999998,0.0
55.03375849840347,1.0,4.0,2.0,4.0,0.0,0.0,9.030000000000001,0.0
-49.47287368482898,1.0,4.0,2.0,4.0,0.0,0.0,12.129999999999995,0.0
-8.979505868061437,1.0,4.0,2.0,4.0,0.0,0.0,15.230000000000004,1.0
55.51386194870611,1.0,4.0,2.0,4.0,0.0,0.0,0.4000000000000057,1.0
51.00722976547365,1.0,4.0,2.0,4.0,1.0,0.0,3.4000000000000057,0.0
,0.0,4.0,2.0,4.0,0.0,0.0,6.599999999999994,0.0
316.5005975822413,1.0,4.0,2.0,4.0,0.0,0.0,9.900000000000006,0.0
-45.00603460099114,1.0,4.0,2.0,4.0,0.0,0.0,14.300000000000011,0.0
94.4873332157764,1.0,4.0,2.0,4.0,0.0,0.0,18.400000000000006,0.0
-41.01929896745605,1.0,4.0,2.0,4.0,0.0,0.0,21.80000000000001,0.0
,,,,,,,,
,,,,,,,,
-139.5391955171533,1.0,4.0,2.0,4.0,0.0,0.0,2.5,1.0
-36.04582770038576,1.0,4.0,2.0,4.0,1.0,0.0,5.099999999999994,0.0
-77.55245988361821,1.0,4.0,2.0,4.0,0.0,0.0,7.800000000000011,0.0
-81.05909206685055,1.0,4.0,2.0,4.0,0.0,0.0,10.900000000000006,0.0
45.43427574991699,1.0,4.0,2.0,4.0,0.0,0.0,13.5,0.0
-160.07235643331546,1.0,4.0,2.0,4.0,0.0,0.0,16.599999999999994,0.0
6.4210113834520826,1.0,4.0,2.0,4.0,0.0,0.0,19.900000000000006,0.0
-191.08562079978037,1.0,4.0,2.0,4.0,0.0,0.0,23.80000000000001,0.0
,,,,,,,,
,,,,,,,,
-135.60551734947762,1.0,4.0,2.0,4.0,0.0,0.0,1.4099999999999966,1.0
4.887850467289923,1.0,4.0,2.0,4.0,1.0,0.0,5.509999999999991,0.0
146.38121828405747,1.0,4.0,2.0,4.0,0.0,0.0,9.710000000000008,0.0
-90.12541389917487,1.0,4.0,2.0,4.0,0.0,0.0,13.110000000000014,0.0
146.36795391759267,1.0,4.0,2.0,4.0,0.0,0.0,16.710000000000008,0.0
37.86132173436022,1.0,4.0,2.0,4.0,0.0,0.0,19.409999999999997,0.0
-161.64531044887224,1.0,4.0,2.0,4.0,0.0,0.0,23.110000000000014,0.0
,,,,,,,,
,,,,,,,,
,0.0,4.0,2.0,4.0,0.0,0.0,1.3700000000000045,1.0
-206.65857481533703,1.0,4.0,2.0,4.0,1.0,0.0,5.269999999999982,0.0
101.83479300143051,1.0,4.0,2.0,4.0,0.0,0.0,9.370000000000005,0.0
-97.67183918180194,1.0,4.0,2.0,4.0,0.0,0.0,13.069999999999993,0.0
-203.1784713650344,1.0,4.0,2.0,4.0,0.0,0.0,16.069999999999993,0.0
-70.68510354826685,1.0,4.0,2.0,4.0,0.0,0.0,19.269999999999982,0.0
-169.1917357314992,1.0,4.0,2.0,4.0,0.0,0.0,22.069999999999993,0.0
,,,,,,,,
,,,,,,,,
,,,,,,,,
,,,,,,,,
,,,,,,,,
-174.2315288308938,1.0,4.0,2.0,4.0,1.0,0.0,3.5,0.0
55.26183898587374,1.0,4.0,2.0,4.0,0.0,0.0,6.300000000000011,0.0
-18.244793197358717,1.0,4.0,2.0,4.0,0.0,0.0,9.100000000000023,0.0
-23.75142538059106,1.0,4.0,2.0,4.0,0.0,0.0,12.0,0.0
-122.25805756382351,1.0,4.0,2.0,4.0,0.0,0.0,15.700000000000045,0.0
-46.76468974705597,1.0,4.0,2.0,4.0,0.0,0.0,20.100000000000023,0.0
-81.27132193028842,1.0,4.0,2.0,4.0,0.0,0.0,23.5,0.0
,,,,,,,,
,,,,,,,,
,,,,,,,,
,,,,,,,,
,,,,,,,,
-82.31111502968304,1.0,4.0,2.0,4.0,0.0,0.0,0.5500000000000114,1.0
-110.81774721291538,1.0,4.0,2.0,4.0,1.0,0.0,3.4500000000000455,0.0
-47.32437939614783,1.0,4.0,2.0,4.0,0.0,0.0,6.550000000000011,1.0
29.168988420619712,1.0,4.0,2.0,4.0,0.0,0.0,2.900000000000034,1.0
54.66235623738726,1.0,4.0,2.0,4.0,1.0,0.0,5.5,0.0
54.1557240541548,1.0,4.0,2.0,4.0,0.0,0.0,9.0,0.0
-16.35090812907754,1.0,4.0,2.0,4.0,0.0,0.0,12.100000000000023,0.0
119.14245968769,1.0,4.0,2.0,4.0,0.0,0.0,15.699999999999989,0.0
-151.36417249554245,1.0,4.0,2.0,4.0,0.0,0.0,19.0,0.0
-119.8708046787749,1.0,4.0,2.0,4.0,0.0,0.0,22.30000000000001,0.0
,,,,,,,,
,,,,,,,,
,,,,,,,,
,,,,,,,,
,,,,,,,,
,,,,,,,,
,,,,,,,,
,,,,,,,,
,,,,,,,,
,,,,,,,,
,,,,,,,,
,,,,,,,,
,,,,,,,,
-46.96365524402893,1.0,4.0,2.0,4.0,0.0,0.0,1.1200000000000045,1.0
189.87389380530976,1.0,11.0,2.0,4.0,0.0,1.0,1.0,0.0
167.92394591177788,1.0,11.0,2.0,4.0,0.0,1.0,2.5,0.0
42.97399801824588,1.0,11.0,2.0,4.0,0.0,1.0,5.0,0.0
-39.97594987528612,1.0,11.0,2.0,4.0,0.0,1.0,8.9,0.0
-47.92589776881812,1.0,11.0,2.0,4.0,0.0,1.0,12.6,0.0
57.12415433765,1.0,11.0,2.0,4.0,0.0,0.0,1.2699999999999996,1.0
-34.825793555882,1.0,11.0,2.0,4.0,1.0,0.0,4.369999999999999,0.0
-85.775741449414,1.0,11.0,2.0,4.0,0.0,0.0,8.269999999999998,0.0
-185.725689342946,1.0,11.0,2.0,4.0,0.0,0.0,11.97,0.0
-172.67563723647788,1.0,11.0,2.0,4.0,0.0,0.0,16.369999999999997,0.0
-18.62558513000988,1.0,11.0,2.0,4.0,0.0,0.0,19.769999999999996,0.0
23.42446697645812,1.0,11.0,2.0,4.0,0.0,0.0,22.269999999999996,0.0
,,,,,,,,
,,,,,,,,
,,,,,,,,
,,,,,,,,
,,,,,,,,
,,,,,,,,
,,,,,,,,
,,,,,,,,
,,,,,,,,
,,,,,,,,
,,,,,,,,
-74.9749077459254,1.0,11.0,2.0,4.0,0.0,0.0,0.09999999999999432,1.0
-179.9248556394574,1.0,11.0,2.0,4.0,1.0,0.0,4.5,0.0
-255.8748035329894,1.0,11.0,2.0,4.0,0.0,0.0,8.399999999999991,0.0
-103.8247514265214,1.0,11.0,2.0,4.0,0.0,0.0,10.899999999999991,0.0
73.22530067994671,1.0,11.0,2.0,4.0,0.0,0.0,15.399999999999991,0.0
601.2753527864147,1.0,11.0,2.0,4.0,0.0,0.0,18.0,0.0
225.32540489288272,1.0,11.0,2.0,4.0,0.0,0.0,20.89999999999999,0.0
22.37545699935083,1.0,11.0,2.0,4.0,0.0,0.0,24.799999999999997,0.0
,,,,,,,,
138.47556121228683,1.0,11.0,2.0,4.0,0.0,0.0,0.730000000000004,1.0
-17.474386681245164,1.0,11.0,2.0,4.0,1.0,0.0,4.829999999999998,0.0
-40.42433457477705,1.0,11.0,2.0,4.0,0.0,0.0,9.030000000000001,0.0
-26.374282468309048,1.0,11.0,2.0,4.0,0.0,0.0,12.129999999999995,0.0
18.675769638158954,1.0,11.0,2.0,4.0,0.0,0.0,15.230000000000004,1.0
-9.274178255373045,1.0,11.0,2.0,4.0,0.0,0.0,0.4000000000000057,1.0
79.77587385109507,1.0,11.0,2.0,4.0,1.0,0.0,3.4000000000000057,0.0
-70.17407404243693,1.0,11.0,2.0,4.0,0.0,0.0,6.599999999999994,0.0
-199.12402193596893,1.0,11.0,2.0,4.0,0.0,0.0,9.900000000000006,0.0
-4.073969829500811,1.0,11.0,2.0,4.0,0.0,0.0,14.300000000000011,0.0
21.97608227696719,1.0,11.0,2.0,4.0,0.0,0.0,18.400000000000006,0.0
-183.9738656165648,1.0,11.0,2.0,4.0,0.0,0.0,21.80000000000001,0.0
,,,,,,,,
,,,,,,,,
-192.8237092971607,1.0,11.0,2.0,4.0,0.0,0.0,2.5,1.0
160.2263428093073,1.0,11.0,2.0,4.0,1.0,0.0,5.099999999999994,0.0
13.276394915775427,1.0,11.0,2.0,4.0,0.0,0.0,7.800000000000011,0.0
-168.67355297775657,1.0,11.0,2.0,4.0,0.0,0.0,10.900000000000006,0.0
-224.62350087128857,1.0,11.0,2.0,4.0,0.0,0.0,13.5,0.0
-149.57344876482057,1.0,11.0,2.0,4.0,0.0,0.0,16.599999999999994,0.0
-255.52339665835245,1.0,11.0,2.0,4.0,0.0,0.0,19.900000000000006,0.0
-131.47334455188445,1.0,11.0,2.0,4.0,0.0,0.0,23.80000000000001,0.0
,,,,,,,,
,,,,,,,,
-41.323188232480334,1.0,11.0,2.0,4.0,0.0,0.0,1.4099999999999966,1.0
257.72686387398767,1.0,11.0,2.0,4.0,1.0,0.0,5.509999999999991,0.0
-115.22308401954433,1.0,11.0,2.0,4.0,0.0,0.0,9.710000000000008,0.0
78.82696808692378,1.0,11.0,2.0,4.0,0.0,0.0,13.110000000000014,0.0
17.877020193391786,1.0,11.0,2.0,4.0,0.0,0.0,16.710000000000008,0.0
252.9270722998598,1.0,11.0,2.0,4.0,0.0,0.0,19.409999999999997,0.0
410.9771244063278,1.0,11.0,2.0,4.0,0.0,0.0,23.110000000000014,0.0
,,,,,,,,
,,,,,,,,
-41.87271927426809,1.0,11.0,2.0,4.0,0.0,0.0,1.3700000000000045,1.0
588.1773328322,1.0,11.0,2.0,4.0,1.0,0.0,5.269999999999982,0.0
15.227384938668024,1.0,11.0,2.0,4.0,0.0,0.0,9.370000000000005,0.0
-145.72256295486397,1.0,11.0,2.0,4.0,0.0,0.0,13.069999999999993,0.0
-161.67251084839597,1.0,11.0,2.0,4.0,0.0,0.0,16.069999999999993,0.0
258.37754125807214,1.0,11.0,2.0,4.0,0.0,0.0,19.269999999999982,0.0
-6.572406635459856,1.0,11.0,2.0,4.0,0.0,0.0,22.069999999999993,0.0
,,,,,,,,
,,,,,,,,
,,,,,,,,
,,,,,,,,
,,,,,,,,
-132.27209399665162,1.0,11.0,2.0,4.0,1.0,0.0,3.5,0.0
9.777958109816382,1.0,11.0,2.0,4.0,0.0,0.0,6.300000000000011,0.0
389.8280102162844,1.0,11.0,2.0,4.0,0.0,0.0,9.100000000000023,0.0
-140.12193767724762,1.0,11.0,2.0,4.0,0.0,0.0,12.0,0.0
,0.0,11.0,2.0,4.0,0.0,0.0,15.700000000000045,0.0
-94.0718855707795,1.0,11.0,2.0,4.0,0.0,0.0,20.100000000000023,0.0
-188.0218334643115,1.0,11.0,2.0,4.0,0.0,0.0,23.5,0.0
,,,,,,,,
,,,,,,,,
,,,,,,,,
,,,,,,,,
,,,,,,,,
-180.72152082550326,1.0,11.0,2.0,4.0,0.0,0.0,0.5500000000000114,1.0
-208.67146871903526,1.0,11.0,2.0,4.0,1.0,0.0,3.4500000000000455,0.0
-123.62141661256726,1.0,11.0,2.0,4.0,0.0,0.0,6.550000000000011,1.0
283.42863549390074,1.0,11.0,2.0,4.0,0.0,0.0,2.900000000000034,1.0
128.47868760036886,1.0,11.0,2.0,4.0,1.0,0.0,5.5,0.0
-4.471260293163141,1.0,11.0,2.0,4.0,0.0,0.0,9.0,0.0
-166.42120818669514,1.0,11.0,2.0,4.0,0.0,0.0,12.100000000000023,0.0
81.62884391977298,1.0,11.0,2.0,4.0,0.0,0.0,15.699999999999989,0.0
-2.3211039737590227,1.0,11.0,2.0,4.0,0.0,0.0,19.0,0.0
55.72894813270898,1.0,11.0,2.0,4.0,0.0,0.0,22.30000000000001,0.0
,,,,,,,,
,,,,,,,,
,,,,,,,,
,,,,,,,,
,,,,,,,,
,,,,,,,,
,,,,,,,,
,,,,,,,,
,,,,,,,,
,,,,,,,,
,,,,,,,,
,,,,,,,,
,,,,,,,,
-58.570322376738545,1.0,11.0,2.0,4.0,0.0,0.0,1.1200000000000045,1.0
,0.0,12.0,2.0,4.0,0.0,1.0,1.0,0.0
-701.9354896675652,1.0,12.0,2.0,4.0,0.0,1.0,2.5,0.0
5.320595756444732,1.0,12.0,2.0,4.0,0.0,1.0,5.0,0.0
,0.0,12.0,2.0,4.0,0.0,1.0,8.9,0.0
70.57668118045467,1.0,12.0,2.0,4.0,0.0,1.0,12.6,0.0
42.83276660446472,1.0,12.0,2.0,4.0,0.0,0.0,1.2699999999999996,1.0
91.08885202847466,1.0,12.0,2.0,4.0,1.0,0.0,4.369999999999999,0.0
-11.6550625475154,1.0,12.0,2.0,4.0,0.0,0.0,8.269999999999998,0.0
-26.39897712350546,1.0,12.0,2.0,4.0,0.0,0.0,11.97,0.0
-139.14289169949552,1.0,12.0,2.0,4.0,0.0,0.0,16.369999999999997,0.0
-81.88680627548558,1.0,12.0,2.0,4.0,0.0,0.0,19.769999999999996,0.0
-162.63072085147564,1.0,12.0,2.0,4.0,0.0,0.0,22.269999999999996,0.0
,,,,,,,,
,,,,,,,,
,,,,,,,,
,,,,,,,,
,,,,,,,,
,,,,,,,,
,,,,,,,,
,,,,,,,,
,,,,,,,,
,,,,,,,,
,,,,,,,,
86.93013338862397,1.0,12.0,2.0,4.0,0.0,0.0,0.09999999999999432,1.0
-141.8137811873661,1.0,12.0,2.0,4.0,1.0,0.0,4.5,0.0
,0.0,12.0,2.0,4.0,0.0,0.0,8.399999999999991,0.0
-9.55769576335615,1.0,12.0,2.0,4.0,0.0,0.0,10.899999999999991,0.0
143.6983896606538,1.0,12.0,2.0,4.0,0.0,0.0,15.399999999999991,0.0
185.95447508466373,1.0,12.0,2.0,4.0,0.0,0.0,18.0,0.0
3.2105605086737796,1.0,12.0,2.0,4.0,0.0,0.0,20.89999999999999,0.0
-62.53335406731628,1.0,12.0,2.0,4.0,0.0,0.0,24.799999999999997,0.0
,,,,,,,,
-38.021183219296404,1.0,12.0,2.0,4.0,0.0,0.0,0.730000000000004,1.0
-225.76509779528647,1.0,12.0,2.0,4.0,1.0,0.0,4.829999999999998,0.0
-21.509012371276526,1.0,12.0,2.0,4.0,0.0,0.0,9.030000000000001,0.0
-49.25292694726659,1.0,12.0,2.0,4.0,0.0,0.0,12.129999999999995,0.0
-67.99684152325653,1.0,12.0,2.0,4.0,0.0,0.0,15.230000000000004,1.0
-172.7407560992466,1.0,12.0,2.0,4.0,0.0,0.0,0.4000000000000057,1.0
-55.48467067523666,1.0,12.0,2.0,4.0,1.0,0.0,3.4000000000000057,0.0
,0.0,12.0,2.0,4.0,0.0,0.0,6.599999999999994,0.0
1766.7714147487732,1.0,12.0,2.0,4.0,0.0,0.0,9.900000000000006,0.0
52.02750017278322,1.0,12.0,2.0,4.0,0.0,0.0,14.300000000000011,0.0
-99.71641440320684,1.0,12.0,2.0,4.0,0.0,0.0,18.400000000000006,0.0
-243.4603289791969,1.0,12.0,2.0,4.0,0.0,0.0,21.80000000000001,0.0
,,,,,,,,
,,,,,,,,
-22.69207270716697,1.0,12.0,2.0,4.0,0.0,0.0,2.5,1.0
117.56401271684297,1.0,12.0,2.0,4.0,1.0,0.0,5.099999999999994,0.0
-185.1799018591471,1.0,12.0,2.0,4.0,0.0,0.0,7.800000000000011,0.0
106.07618356486284,1.0,12.0,2.0,4.0,0.0,0.0,10.900000000000006,0.0
195.33226898887278,1.0,12.0,2.0,4.0,0.0,0.0,13.5,0.0
19.588354412882836,1.0,12.0,2.0,4.0,0.0,0.0,16.599999999999994,0.0
168.84443983689278,1.0,12.0,2.0,4.0,0.0,0.0,19.900000000000006,0.0
254.1005252609027,1.0,12.0,2.0,4.0,0.0,0.0,23.80000000000001,0.0
,,,,,,,,
,,,,,,,,
269.6126961089226,1.0,12.0,2.0,4.0,0.0,0.0,1.4099999999999966,1.0
-61.13121846706747,1.0,12.0,2.0,4.0,1.0,0.0,5.509999999999991,0.0
-42.87513304305753,1.0,12.0,2.0,4.0,0.0,0.0,9.710000000000008,0.0
-88.61904761904748,1.0,12.0,2.0,4.0,0.0,0.0,13.110000000000014,0.0
27.63703780496246,1.0,12.0,2.0,4.0,0.0,0.0,16.710000000000008,0.0
55.8931232289724,1.0,12.0,2.0,4.0,0.0,0.0,19.409999999999997,0.0
-162.85079134701766,1.0,12.0,2.0,4.0,0.0,0.0,23.110000000000014,0.0
,,,,,,,,
,,,,,,,,
224.91746492501215,1.0,12.0,2.0,4.0,0.0,0.0,1.3700000000000045,1.0
-67.82644965097779,1.0,12.0,2.0,4.0,1.0,0.0,5.269999999999982,0.0
-133.57036422696785,1.0,12.0,2.0,4.0,0.0,0.0,9.370000000000005,0.0
-136.31427880295792,1.0,12.0,2.0,4.0,0.0,0.0,13.069999999999993,0.0
-89.05819337894798,1.0,12.0,2.0,4.0,0.0,0.0,16.069999999999993,0.0
47.19789204506196,1.0,12.0,2.0,4.0,0.0,0.0,19.269999999999982,0.0
60.4539774690719,1.0,12.0,2.0,4.0,0.0,0.0,22.069999999999993,0.0
,,,,,,,,
,,,,,,,,
,,,,,,,,
,,,,,,,,
,,,,,,,,
41.99049001313165,1.0,12.0,2.0,4.0,1.0,0.0,3.5,0.0
-137.7534245628584,1.0,12.0,2.0,4.0,0.0,0.0,6.300000000000011,0.0
38.502660861151526,1.0,12.0,2.0,4.0,0.0,0.0,9.100000000000023,0.0
-176.24125371483842,1.0,12.0,2.0,4.0,0.0,0.0,12.0,0.0
-204.98516829082848,1.0,12.0,2.0,4.0,0.0,0.0,15.700000000000045,0.0
-57.729082866818544,1.0,12.0,2.0,4.0,0.0,0.0,20.100000000000023,0.0
-58.472997442808605,1.0,12.0,2.0,4.0,0.0,0.0,23.5,0.0
,,,,,,,,
,,,,,,,,
,,,,,,,,
,,,,,,,,
,,,,,,,,
-123.93648489874886,1.0,12.0,2.0,4.0,0.0,0.0,0.5500000000000114,1.0
60.31960052526108,1.0,12.0,2.0,4.0,1.0,0.0,3.4500000000000455,0.0
-121.42431405072898,1.0,12.0,2.0,4.0,0.0,0.0,6.550000000000011,1.0
-92.16822862671904,1.0,12.0,2.0,4.0,0.0,0.0,2.900000000000034,1.0
-68.9121432027091,1.0,12.0,2.0,4.0,1.0,0.0,5.5,0.0
201.34394222130095,1.0,12.0,2.0,4.0,0.0,0.0,9.0,0.0
-41.39997235468911,1.0,12.0,2.0,4.0,0.0,0.0,12.100000000000023,0.0
-30.143886930679173,1.0,12.0,2.0,4.0,0.0,0.0,15.699999999999989,0.0
74.11219849333077,1.0,12.0,2.0,4.0,0.0,0.0,19.0,0.0
807.3682839173407,1.0,12.0,2.0,4.0,0.0,0.0,22.30000000000001,0.0
,,,,,,,,
,,,,,,,,
,,,,,,,,
,,,,,,,,
,,,,,,,,
,,,,,,,,
,,,,,,,,
,,,,,,,,
,,,,,,,,
,,,,,,,,
,,,,,,,,
,,,,,,,,
,,,,,,,,
-42.30260557052986,1.0,12.0,2.0,4.0,0.0,0.0,1.1200000000000045,1.0
257.0201093951092,1.0,3.0,2.0,5.0,0.0,1.0,1.0,0.0
-84.51768456768468,1.0,3.0,2.0,5.0,0.0,1.0,2.5,0.0
-57.055478530478695,1.0,3.0,2.0,5.0,0.0,1.0,6.8,0.0
-88.5932724932726,1.0,3.0,2.0,5.0,0.0,1.0,9.7,0.0
87.8689335439334,1.0,3.0,2.0,5.0,0.0,1.0,13.9,0.0
-56.668860418860504,1.0,3.0,2.0,5.0,1.0,0.0,3.869999999999999,0.0
-177.20665438165452,1.0,3.0,2.0,5.0,0.0,0.0,7.269999999999998,0.0
3.255551655551585,1.0,3.0,2.0,5.0,0.0,0.0,10.97,0.0
-91.28224230724243,1.0,3.0,2.0,5.0,0.0,0.0,13.47,0.0
131.17996372996367,1.0,3.0,2.0,5.0,0.0,0.0,17.07,0.0
-114.35783023283034,1.0,3.0,2.0,5.0,0.0,0.0,20.769999999999996,0.0
-42.89562419562435,1.0,3.0,2.0,5.0,0.0,0.0,24.769999999999996,0.0
,,,,,,,,
,,,,,,,,
,,,,,,,,
,,,,,,,,
,,,,,,,,
,,,,,,,,
,,,,,,,,
,,,,,,,,
,,,,,,,,
,,,,,,,,
165.18864221364208,1.0,3.0,2.0,5.0,0.0,0.0,1.0,1.0
-28.349151749151815,1.0,3.0,2.0,5.0,1.0,0.0,5.5,0.0
159.11305428805417,1.0,3.0,2.0,5.0,0.0,0.0,10.0,0.0
101.57526032526027,1.0,3.0,2.0,5.0,0.0,0.0,12.599999999999994,0.0
-97.96253363753374,1.0,3.0,2.0,5.0,0.0,0.0,16.599999999999994,0.0
-42.50032760032764,1.0,3.0,2.0,5.0,0.0,0.0,20.299999999999997,0.0
403.96187843687835,1.0,3.0,2.0,5.0,0.0,0.0,23.89999999999999,0.0
,,,,,,,,
,,,,,,,,
7.348496548496428,1.0,3.0,2.0,5.0,0.0,0.0,1.4299999999999926,1.0
-31.18929741429747,1.0,3.0,2.0,5.0,1.0,0.0,5.730000000000004,0.0
-73.72709137709148,1.0,3.0,2.0,5.0,0.0,0.0,9.730000000000004,0.0
23.73511466011462,1.0,3.0,2.0,5.0,0.0,0.0,12.829999999999998,0.0
-80.8026793026794,1.0,3.0,2.0,5.0,0.0,0.0,16.83,1.0
79.65952673452671,1.0,3.0,2.0,5.0,0.0,0.0,2.4000000000000057,1.0
253.1217327717327,1.0,3.0,2.0,5.0,1.0,0.0,5.400000000000006,0.0
-99.4160611910612,1.0,3.0,2.0,5.0,0.0,0.0,9.900000000000006,0.0
19.046144846144784,1.0,3.0,2.0,5.0,0.0,0.0,12.5,0.0
-220.4916491166491,1.0,3.0,2.0,5.0,0.0,0.0,17.0,0.0
-105.02944307944313,1.0,3.0,2.0,5.0,0.0,0.0,20.900000000000006,0.0
704.4327629577629,1.0,3.0,2.0,5.0,0.0,0.0,23.400000000000006,0.0
,,,,,,,,
,,,,,,,,
-26.180618930618948,1.0,3.0,2.0,5.0,0.0,0.0,1.700000000000017,1.0
-39.71841289341296,1.0,3.0,2.0,5.0,1.0,0.0,4.400000000000006,0.0
-94.25620685620686,1.0,3.0,2.0,5.0,0.0,0.0,8.5,0.0
-87.79400081900087,1.0,3.0,2.0,5.0,0.0,0.0,11.700000000000017,0.0
-69.33179478179477,1.0,3.0,2.0,5.0,0.0,0.0,15.700000000000017,0.0
104.13041125541122,1.0,3.0,2.0,5.0,0.0,0.0,18.200000000000017,0.0
-126.4073827073828,1.0,3.0,2.0,5.0,0.0,0.0,21.700000000000017,0.0
101.05482332982331,1.0,3.0,2.0,5.0,0.0,0.0,24.400000000000006,0.0
,,,,,,,,
,,,,,,,,
,,,,,,,,
87.90364747864749,1.0,3.0,2.0,5.0,1.0,0.0,3.210000000000008,0.0
-89.63414648414653,1.0,3.0,2.0,5.0,0.0,0.0,7.009999999999991,0.0
74.82805955305957,1.0,3.0,2.0,5.0,0.0,0.0,11.110000000000014,0.0
-52.70973440973444,1.0,3.0,2.0,5.0,0.0,0.0,13.909999999999997,0.0
-31.24752837252845,1.0,3.0,2.0,5.0,0.0,0.0,18.110000000000014,0.0
-57.78532233532235,1.0,3.0,2.0,5.0,0.0,0.0,20.810000000000002,0.0
-41.32311629811636,1.0,3.0,2.0,5.0,0.0,0.0,24.409999999999997,0.0
,,,,,,,,
1.6012957762957285,1.0,3.0,2.0,5.0,0.0,0.0,1.0699999999999932,1.0
-33.93649818649817,1.0,3.0,2.0,5.0,1.0,0.0,4.569999999999993,0.0
-17.474292149292182,1.0,3.0,2.0,5.0,0.0,0.0,8.769999999999982,0.0
-60.01208611208608,1.0,3.0,2.0,5.0,0.0,0.0,11.269999999999982,0.0
131.4501199251199,1.0,3.0,2.0,5.0,0.0,0.0,14.870000000000005,0.0
-75.0876740376741,1.0,3.0,2.0,5.0,0.0,0.0,18.569999999999993,0.0
-68.625468000468,1.0,3.0,2.0,5.0,0.0,0.0,22.769999999999982,0.0
,,,,,,,,
,,,,,,,,
,,,,,,,,
,,,,,,,,
95.68556218556216,1.0,3.0,2.0,5.0,0.0,0.0,1.3000000000000114,1.0
225.14776822276826,1.0,3.0,2.0,5.0,1.0,0.0,4.5,0.0
-110.39002574002575,1.0,3.0,2.0,5.0,0.0,0.0,8.200000000000045,0.0
-58.92781970281976,1.0,3.0,2.0,5.0,0.0,0.0,12.5,0.0
147.53438633438634,1.0,3.0,2.0,5.0,0.0,0.0,16.5,0.0
66.99659237159244,1.0,3.0,2.0,5.0,0.0,0.0,19.700000000000045,0.0
-18.54120159120157,1.0,3.0,2.0,5.0,0.0,0.0,23.200000000000045,0.0
,,,,,,,,
,,,,,,,,
,,,,,,,,
,,,,,,,,
,,,,,,,,
,,,,,,,,
130.69424066924068,1.0,3.0,2.0,5.0,1.0,0.0,4.150000000000034,0.0
-55.843553293553214,1.0,3.0,2.0,5.0,0.0,0.0,7.650000000000034,1.0
-151.38134725634723,1.0,3.0,2.0,5.0,0.0,0.0,2.6000000000000227,1.0
-148.91914121914124,1.0,3.0,2.0,5.0,1.0,0.0,5.400000000000034,0.0
-104.45693518193514,1.0,3.0,2.0,5.0,0.0,0.0,8.199999999999989,0.0
-24.99472914472915,1.0,3.0,2.0,5.0,0.0,0.0,12.100000000000023,0.0
14.467476892476952,1.0,3.0,2.0,5.0,0.0,0.0,16.30000000000001,0.0
77.92968292968294,1.0,3.0,2.0,5.0,0.0,0.0,20.19999999999999,0.0
50.39188896688904,1.0,3.0,2.0,5.0,0.0,0.0,24.30000000000001,0.0
,,,,,,,,
,,,,,,,,
,,,,,,,,
,,,,,,,,
,,,,,,,,
,,,,,,,,
,,,,,,,,
,,,,,,,,
,,,,,,,,
,,,,,,,,
,,,,,,,,
,,,,,,,,
,,,,,,,,
,,,,,,,,
,0.0,6.0,2.0,5.0,0.0,1.0,1.0,0.0
-55.02831683168279,1.0,6.0,2.0,5.0,0.0,1.0,2.5,0.0
127.6845784578461,1.0,6.0,2.0,5.0,0.0,1.0,6.8,0.0
,0.0,6.0,2.0,5.0,0.0,1.0,9.7,0.0
,0.0,6.0,2.0,5.0,0.0,1.0,13.9,0.0
291.3974737473751,1.0,6.0,2.0,5.0,1.0,0.0,3.869999999999999,0.0
-125.88963096309601,1.0,6.0,2.0,5.0,0.0,0.0,7.269999999999998,0.0
293.823264326433,1.0,6.0,2.0,5.0,0.0,0.0,10.97,0.0
-120.46384038403812,1.0,6.0,2.0,5.0,0.0,0.0,13.47,0.0
-120.75094509450912,1.0,6.0,2.0,5.0,0.0,0.0,17.07,0.0
-294.03804980498023,1.0,6.0,2.0,5.0,0.0,0.0,20.769999999999996,0.0
,0.0,6.0,2.0,5.0,0.0,0.0,24.769999999999996,0.0
,,,,,,,,
,,,,,,,,
,,,,,,,,
,,,,,,,,
,,,,,,,,
,,,,,,,,
,,,,,,,,
,,,,,,,,
,,,,,,,,
,,,,,,,,
-47.19620162016167,1.0,6.0,2.0,5.0,0.0,0.0,1.0,1.0
392.5166936693672,1.0,6.0,2.0,5.0,1.0,0.0,5.5,0.0
86.22958895889622,1.0,6.0,2.0,5.0,0.0,0.0,10.0,0.0
123.9424842484251,1.0,6.0,2.0,5.0,0.0,0.0,12.599999999999994,0.0
-248.3446204620459,1.0,6.0,2.0,5.0,0.0,0.0,16.599999999999994,0.0
-23.631725172517008,1.0,6.0,2.0,5.0,0.0,0.0,20.299999999999997,0.0
294.081170117012,1.0,6.0,2.0,5.0,0.0,0.0,23.89999999999999,0.0
,,,,,,,,
,,,,,,,,
-144.78014401440112,1.0,6.0,2.0,5.0,0.0,0.0,1.4299999999999926,1.0
114.93275127512777,1.0,6.0,2.0,5.0,1.0,0.0,5.730000000000004,0.0
65.64564656465677,1.0,6.0,2.0,5.0,0.0,0.0,9.730000000000004,0.0
-105.64145814581434,1.0,6.0,2.0,5.0,0.0,0.0,12.829999999999998,0.0
-140.92856285628534,1.0,6.0,2.0,5.0,0.0,0.0,16.83,1.0
-60.21566756675645,1.0,6.0,2.0,5.0,0.0,0.0,2.4000000000000057,1.0
,0.0,6.0,2.0,5.0,1.0,0.0,5.400000000000006,0.0
50.49722772277255,1.0,6.0,2.0,5.0,0.0,0.0,9.900000000000006,0.0
588.2101230123016,1.0,6.0,2.0,5.0,0.0,0.0,12.5,0.0
-202.07698169816956,1.0,6.0,2.0,5.0,0.0,0.0,17.0,0.0
-105.36408640864056,1.0,6.0,2.0,5.0,0.0,0.0,20.900000000000006,0.0
458.3488088808883,1.0,6.0,2.0,5.0,0.0,0.0,23.400000000000006,0.0
,,,,,,,,
,,,,,,,,
-107.51250525052478,1.0,6.0,2.0,5.0,0.0,0.0,1.700000000000017,1.0
-125.7996099609959,1.0,6.0,2.0,5.0,1.0,0.0,4.400000000000006,0.0
-425.0867146714669,1.0,6.0,2.0,5.0,0.0,0.0,8.5,0.0
188.6261806180621,1.0,6.0,2.0,5.0,0.0,0.0,11.700000000000017,0.0
70.339075907591,1.0,6.0,2.0,5.0,0.0,0.0,15.700000000000017,0.0
120.05197119712,1.0,6.0,2.0,5.0,0.0,0.0,18.200000000000017,0.0
414.7648664866489,1.0,6.0,2.0,5.0,0.0,0.0,21.700000000000017,0.0
-36.522238223822114,1.0,6.0,2.0,5.0,0.0,0.0,24.400000000000006,0.0
,,,,,,,,
,,,,,,,,
,,,,,,,,
-131.67065706570634,1.0,6.0,2.0,5.0,1.0,0.0,3.210000000000008,0.0
,0.0,6.0,2.0,5.0,0.0,0.0,7.009999999999991,0.0
,0.0,6.0,2.0,5.0,0.0,0.0,11.110000000000014,0.0
,0.0,6.0,2.0,5.0,0.0,0.0,13.909999999999997,0.0
-32.95776177617745,1.0,6.0,2.0,5.0,0.0,0.0,18.110000000000014,0.0
-187.24486648664845,1.0,6.0,2.0,5.0,0.0,0.0,20.810000000000002,0.0
96.46802880288055,1.0,6.0,2.0,5.0,0.0,0.0,24.409999999999997,0.0
,,,,,,,,
-80.10618061806156,1.0,6.0,2.0,5.0,0.0,0.0,1.0699999999999932,1.0
58.60671467146733,1.0,6.0,2.0,5.0,1.0,0.0,4.569999999999993,0.0
-159.68039003900367,1.0,6.0,2.0,5.0,0.0,0.0,8.769999999999982,0.0
-68.96749474947478,1.0,6.0,2.0,5.0,0.0,0.0,11.269999999999982,0.0
-1.25459945994578,1.0,6.0,2.0,5.0,0.0,0.0,14.870000000000005,0.0
194.45829582958322,1.0,6.0,2.0,5.0,0.0,0.0,18.569999999999993,0.0
-187.8288088808879,1.0,6.0,2.0,5.0,0.0,0.0,22.769999999999982,0.0
,,,,,,,,
,,,,,,,,
,,,,,,,,
,,,,,,,,
-99.26433243324311,1.0,6.0,2.0,5.0,0.0,0.0,1.3000000000000114,1.0
-25.55143714371411,1.0,6.0,2.0,5.0,1.0,0.0,4.5,0.0
-235.83854185418522,1.0,6.0,2.0,5.0,0.0,0.0,8.200000000000045,0.0
-80.12564656465622,1.0,6.0,2.0,5.0,0.0,0.0,12.5,0.0
346.58724872487267,1.0,6.0,2.0,5.0,0.0,0.0,16.5,0.0
43.30014401440167,1.0,6.0,2.0,5.0,0.0,0.0,19.700000000000045,0.0
-111.98696069606945,1.0,6.0,2.0,5.0,0.0,0.0,23.200000000000045,0.0
,,,,,,,,
,,,,,,,,
,,,,,,,,
,,,,,,,,
,,,,,,,,
,,,,,,,,
,0.0,6.0,2.0,5.0,1.0,0.0,4.150000000000034,0.0
-148.70958895889567,1.0,6.0,2.0,5.0,0.0,0.0,7.650000000000034,1.0
305.0033063306332,1.0,6.0,2.0,5.0,0.0,0.0,2.6000000000000227,1.0
-207.28379837983778,1.0,6.0,2.0,5.0,1.0,0.0,5.400000000000034,0.0
-121.57090309030889,1.0,6.0,2.0,5.0,0.0,0.0,8.199999999999989,0.0
-67.85800780077989,1.0,6.0,2.0,5.0,0.0,0.0,12.100000000000023,0.0
-51.145112511251,1.0,6.0,2.0,5.0,0.0,0.0,16.30000000000001,0.0
-214.432217221722,1.0,6.0,2.0,5.0,0.0,0.0,20.19999999999999,0.0
577.280678067807,1.0,6.0,2.0,5.0,0.0,0.0,24.30000000000001,0.0
,,,,,,,,
,,,,,,,,
,,,,,,,,
,,,,,,,,
,,,,,,,,
,,,,,,,,
,,,,,,,,
,,,,,,,,
,,,,,,,,
,,,,,,,,
,,,,,,,,
,,,,,,,,
,,,,,,,,
,,,,,,,,
127.31109257714809,1.0,7.0,2.0,5.0,0.0,1.0,1.0,0.0
-125.55161708831395,1.0,7.0,2.0,5.0,0.0,1.0,2.5,0.0
81.58567324622413,1.0,7.0,2.0,5.0,0.0,1.0,6.8,0.0
-52.27703641923779,1.0,7.0,2.0,5.0,0.0,1.0,9.7,0.0
-84.13974608469982,1.0,7.0,2.0,5.0,0.0,1.0,13.9,0.0
67.99754424983826,1.0,7.0,2.0,5.0,1.0,0.0,3.869999999999999,0.0
-90.86516541562378,1.0,7.0,2.0,5.0,0.0,0.0,7.269999999999998,0.0
-67.7278750810857,1.0,7.0,2.0,5.0,0.0,0.0,10.97,0.0
-70.59058474654762,1.0,7.0,2.0,5.0,0.0,0.0,13.47,0.0
27.546705587990346,1.0,7.0,2.0,5.0,0.0,0.0,17.07,0.0
-24.316004077471575,1.0,7.0,2.0,5.0,0.0,0.0,20.769999999999996,0.0
-52.178713742933496,1.0,7.0,2.0,5.0,0.0,0.0,24.769999999999996,0.0
,,,,,,,,
,,,,,,,,
,,,,,,,,
,,,,,,,,
,,,,,,,,
,,,,,,,,
,,,,,,,,
,,,,,,,,
,,,,,,,,
,,,,,,,,
-44.80581039755316,1.0,7.0,2.0,5.0,0.0,0.0,1.0,1.0
-140.6685200630152,1.0,7.0,2.0,5.0,1.0,0.0,5.5,0.0
-68.53122972847711,1.0,7.0,2.0,5.0,0.0,0.0,10.0,0.0
240.60606060606096,1.0,7.0,2.0,5.0,0.0,0.0,12.599999999999994,0.0
-114.25664905940107,1.0,7.0,2.0,5.0,0.0,0.0,16.599999999999994,0.0
33.88064127513701,1.0,7.0,2.0,5.0,0.0,0.0,20.299999999999997,0.0
-13.982068390324912,1.0,7.0,2.0,5.0,0.0,0.0,23.89999999999999,0.0
,,,,,,,,
,,,,,,,,
-60.5701973867109,1.0,7.0,2.0,5.0,0.0,0.0,1.4299999999999926,1.0
-25.432907052172823,1.0,7.0,2.0,5.0,1.0,0.0,5.730000000000004,0.0
47.70438328236526,1.0,7.0,2.0,5.0,0.0,0.0,9.730000000000004,0.0
160.84167361690322,1.0,7.0,2.0,5.0,0.0,0.0,12.829999999999998,0.0
450.9789639514413,1.0,7.0,2.0,5.0,0.0,0.0,16.83,1.0
-41.88374571402062,1.0,7.0,2.0,5.0,0.0,0.0,2.4000000000000057,1.0
138.25354462051735,1.0,7.0,2.0,5.0,1.0,0.0,5.400000000000006,0.0
279.3908349550554,1.0,7.0,2.0,5.0,0.0,0.0,9.900000000000006,0.0
93.52812528959339,1.0,7.0,2.0,5.0,0.0,0.0,12.5,0.0
-67.33458437586853,1.0,7.0,2.0,5.0,0.0,0.0,17.0,0.0
127.80270595866955,1.0,7.0,2.0,5.0,0.0,0.0,20.900000000000006,0.0
-38.060003706792486,1.0,7.0,2.0,5.0,0.0,0.0,23.400000000000006,0.0
,,,,,,,,
,,,,,,,,
-20.648132703178362,1.0,7.0,2.0,5.0,0.0,0.0,1.700000000000017,1.0
425.4891576313597,1.0,7.0,2.0,5.0,1.0,0.0,4.400000000000006,0.0
-71.37355203410232,1.0,7.0,2.0,5.0,0.0,0.0,8.5,0.0
498.76373830043576,1.0,7.0,2.0,5.0,0.0,0.0,11.700000000000017,0.0
72.90102863497384,1.0,7.0,2.0,5.0,0.0,0.0,15.700000000000017,0.0
14.038318969511806,1.0,7.0,2.0,5.0,0.0,0.0,18.200000000000017,0.0
7.175609304049885,1.0,7.0,2.0,5.0,0.0,0.0,21.700000000000017,0.0
557.312899638588,1.0,7.0,2.0,5.0,0.0,0.0,24.400000000000006,0.0
,,,,,,,,
,,,,,,,,
,,,,,,,,
276.86206097674005,1.0,7.0,2.0,5.0,1.0,0.0,3.210000000000008,0.0
-29.000648688721867,1.0,7.0,2.0,5.0,0.0,0.0,7.009999999999991,0.0
-199.8633583541839,1.0,7.0,2.0,5.0,0.0,0.0,11.110000000000014,0.0
-84.72606801964582,1.0,7.0,2.0,5.0,0.0,0.0,13.909999999999997,0.0
-99.58877768510774,1.0,7.0,2.0,5.0,0.0,0.0,18.110000000000014,0.0
-75.45148735056978,1.0,7.0,2.0,5.0,0.0,0.0,20.810000000000002,0.0
-183.3141970160317,1.0,7.0,2.0,5.0,0.0,0.0,24.409999999999997,0.0
,,,,,,,,
137.96038365304435,1.0,7.0,2.0,5.0,0.0,0.0,1.0699999999999932,1.0
-123.90232601241757,1.0,7.0,2.0,5.0,1.0,0.0,4.569999999999993,0.0
-88.76503567787961,1.0,7.0,2.0,5.0,0.0,0.0,8.769999999999982,0.0
-42.62774534334153,1.0,7.0,2.0,5.0,0.0,0.0,11.269999999999982,0.0
-95.49045500880345,1.0,7.0,2.0,5.0,0.0,0.0,14.870000000000005,0.0
-61.353164674265486,1.0,7.0,2.0,5.0,0.0,0.0,18.569999999999993,0.0
-268.2158743397274,1.0,7.0,2.0,5.0,0.0,0.0,22.769999999999982,0.0
,,,,,,,,
,,,,,,,,
,,,,,,,,
,,,,,,,,
163.47057733296276,1.0,7.0,2.0,5.0,0.0,0.0,1.3000000000000114,1.0
126.60786766750084,1.0,7.0,2.0,5.0,1.0,0.0,4.5,0.0
-280.2548419979612,1.0,7.0,2.0,5.0,0.0,0.0,8.200000000000045,0.0
104.88244833657689,1.0,7.0,2.0,5.0,0.0,0.0,12.5,0.0
178.01973867111496,1.0,7.0,2.0,5.0,0.0,0.0,16.5,0.0
97.15702900565293,1.0,7.0,2.0,5.0,0.0,0.0,19.700000000000045,0.0
131.294319340191,1.0,7.0,2.0,5.0,0.0,0.0,23.200000000000045,0.0
,,,,,,,,
,,,,,,,,
,,,,,,,,
,,,,,,,,
,,,,,,,,
,,,,,,,,
-4.744648318042778,1.0,7.0,2.0,5.0,1.0,0.0,4.150000000000034,0.0
42.3926420164953,1.0,7.0,2.0,5.0,0.0,0.0,7.650000000000034,1.0
-112.47006764896673,1.0,7.0,2.0,5.0,0.0,0.0,2.6000000000000227,1.0
-163.33277731442865,1.0,7.0,2.0,5.0,1.0,0.0,5.400000000000034,0.0
-128.19548697989057,1.0,7.0,2.0,5.0,0.0,0.0,8.199999999999989,0.0
-114.05819664535261,1.0,7.0,2.0,5.0,0.0,0.0,12.100000000000023,0.0
62.07909368918547,1.0,7.0,2.0,5.0,0.0,0.0,16.30000000000001,0.0
44.21638402372355,1.0,7.0,2.0,5.0,0.0,0.0,20.19999999999999,0.0
147.35367435826151,1.0,7.0,2.0,5.0,0.0,0.0,24.30000000000001,0.0
,,,,,,,,
,,,,,,,,
,,,,,,,,
,,,,,,,,
,,,,,,,,
,,,,,,,,
,,,,,,,,
,,,,,,,,
,,,,,,,,
,,,,,,,,
,,,,,,,,
,,,,,,,,
,,,,,,,,
,,,,,,,,
0.6365524402908704,1.0,8.0,2.0,5.0,0.0,1.0,1.0,0.0
-196.99175140578745,1.0,8.0,2.0,5.0,0.0,1.0,2.5,0.0
-118.620055251866,1.0,8.0,2.0,5.0,0.0,1.0,6.8,0.0
-25.248359097944558,1.0,8.0,2.0,5.0,0.0,1.0,9.7,0.0
-16.87666294402311,1.0,8.0,2.0,5.0,0.0,1.0,13.9,0.0
-29.504966790101435,1.0,8.0,2.0,5.0,1.0,0.0,3.869999999999999,0.0
-157.13327063618,1.0,8.0,2.0,5.0,0.0,0.0,7.269999999999998,0.0
207.23842551774146,1.0,8.0,2.0,5.0,0.0,0.0,10.97,0.0
-196.38987832833686,1.0,8.0,2.0,5.0,0.0,0.0,13.47,0.0
63.981817825584585,1.0,8.0,2.0,5.0,0.0,0.0,17.07,0.0
-192.64648602049397,1.0,8.0,2.0,5.0,0.0,0.0,20.769999999999996,0.0
,0.0,8.0,2.0,5.0,0.0,0.0,24.769999999999996,0.0
,,,,,,,,
,,,,,,,,
,,,,,,,,
,,,,,,,,
,,,,,,,,
,,,,,,,,
,,,,,,,,
,,,,,,,,
,,,,,,,,
,,,,,,,,
-62.929524481278804,1.0,8.0,2.0,5.0,0.0,0.0,1.0,1.0
-98.55782832735736,1.0,8.0,2.0,5.0,1.0,0.0,5.5,0.0
62.813867826564206,1.0,8.0,2.0,5.0,0.0,0.0,10.0,0.0
316.18556398048565,1.0,8.0,2.0,5.0,0.0,0.0,12.599999999999994,0.0
-145.44273986559278,1.0,8.0,2.0,5.0,0.0,0.0,16.599999999999994,0.0
45.92895628832866,1.0,8.0,2.0,5.0,0.0,0.0,20.299999999999997,0.0
-153.69934755774977,1.0,8.0,2.0,5.0,0.0,0.0,23.89999999999999,0.0
,,,,,,,,
,,,,,,,,
133.4157409040148,1.0,8.0,2.0,5.0,0.0,0.0,1.4299999999999926,1.0
146.78743705793624,1.0,8.0,2.0,5.0,1.0,0.0,5.730000000000004,0.0
-19.840866788142193,1.0,8.0,2.0,5.0,0.0,0.0,9.730000000000004,0.0
-36.469170634220745,1.0,8.0,2.0,5.0,0.0,0.0,12.829999999999998,0.0
-108.09747448029918,1.0,8.0,2.0,5.0,0.0,0.0,16.83,1.0
332.2742216736224,1.0,8.0,2.0,5.0,0.0,0.0,2.4000000000000057,1.0
152.64591782754383,1.0,8.0,2.0,5.0,1.0,0.0,5.400000000000006,0.0
285.0176139814654,1.0,8.0,2.0,5.0,0.0,0.0,9.900000000000006,0.0
199.38931013538684,1.0,8.0,2.0,5.0,0.0,0.0,12.5,0.0
89.7610062893084,1.0,8.0,2.0,5.0,0.0,0.0,17.0,0.0
-6.867297556770154,1.0,8.0,2.0,5.0,0.0,0.0,20.900000000000006,0.0
312.5043985971514,1.0,8.0,2.0,5.0,0.0,0.0,23.400000000000006,0.0
,,,,,,,,
,,,,,,,,
-16.38051294108402,1.0,8.0,2.0,5.0,0.0,0.0,1.700000000000017,1.0
339.9911832128374,1.0,8.0,2.0,5.0,1.0,0.0,4.400000000000006,0.0
82.36287936675899,1.0,8.0,2.0,5.0,0.0,0.0,8.5,0.0
-307.26542447931956,1.0,8.0,2.0,5.0,0.0,0.0,11.700000000000017,0.0
192.106271674602,1.0,8.0,2.0,5.0,0.0,0.0,15.700000000000017,0.0
-180.52203217147655,1.0,8.0,2.0,5.0,0.0,0.0,18.200000000000017,0.0
-16.15033601755499,1.0,8.0,2.0,5.0,0.0,0.0,21.700000000000017,0.0
-136.77863986363354,1.0,8.0,2.0,5.0,0.0,0.0,24.400000000000006,0.0
,,,,,,,,
,,,,,,,,
,,,,,,,,
-46.29185524794741,1.0,8.0,2.0,5.0,1.0,0.0,3.210000000000008,0.0
-90.92015909402596,1.0,8.0,2.0,5.0,0.0,0.0,7.009999999999991,0.0
-142.5484629401044,1.0,8.0,2.0,5.0,0.0,0.0,11.110000000000014,0.0
-255.17676678618295,1.0,8.0,2.0,5.0,0.0,0.0,13.909999999999997,0.0
190.1949293677386,1.0,8.0,2.0,5.0,0.0,0.0,18.110000000000014,0.0
,0.0,8.0,2.0,5.0,0.0,0.0,20.810000000000002,0.0
-105.43337447833983,1.0,8.0,2.0,5.0,0.0,0.0,24.409999999999997,0.0
,,,,,,,,
132.31001782950307,1.0,8.0,2.0,5.0,0.0,0.0,1.0699999999999932,1.0
163.68171398342463,1.0,8.0,2.0,5.0,1.0,0.0,4.569999999999993,0.0
-217.9465898626538,1.0,8.0,2.0,5.0,0.0,0.0,8.769999999999982,0.0
325.42510629126764,1.0,8.0,2.0,5.0,0.0,0.0,11.269999999999982,0.0
390.7968024451892,1.0,8.0,2.0,5.0,0.0,0.0,14.870000000000005,0.0
-122.83150140088935,1.0,8.0,2.0,5.0,0.0,0.0,18.569999999999993,0.0
-3.4598052469677896,1.0,8.0,2.0,5.0,0.0,0.0,22.769999999999982,0.0
,,,,,,,,
,,,,,,,,
,,,,,,,,
,,,,,,,,
-17.601324477360208,1.0,8.0,2.0,5.0,0.0,0.0,1.3000000000000114,1.0
43.77037167656124,1.0,8.0,2.0,5.0,1.0,0.0,4.5,0.0
-54.8579321695172,1.0,8.0,2.0,5.0,0.0,0.0,8.200000000000045,0.0
49.51376398440425,1.0,8.0,2.0,5.0,0.0,0.0,12.5,0.0
9.885460138325811,1.0,8.0,2.0,5.0,0.0,0.0,16.5,0.0
-146.74284370775263,1.0,8.0,2.0,5.0,0.0,0.0,19.700000000000045,0.0
271.6288524461688,1.0,8.0,2.0,5.0,0.0,0.0,23.200000000000045,0.0
,,,,,,,,
,,,,,,,,
,,,,,,,,
,,,,,,,,
,,,,,,,,
,,,,,,,,
,0.0,8.0,2.0,5.0,1.0,0.0,4.150000000000034,0.0
-80.76927447638059,1.0,8.0,2.0,5.0,0.0,0.0,7.650000000000034,1.0
-82.39757832245914,1.0,8.0,2.0,5.0,0.0,0.0,2.6000000000000227,1.0
-70.02588216853758,1.0,8.0,2.0,5.0,1.0,0.0,5.400000000000034,0.0
-64.65418601461602,1.0,8.0,2.0,5.0,0.0,0.0,8.199999999999989,0.0
-7.282489860694568,1.0,8.0,2.0,5.0,0.0,0.0,12.100000000000023,0.0
38.089206293226994,1.0,8.0,2.0,5.0,0.0,0.0,16.30000000000001,0.0
210.46090244714844,1.0,8.0,2.0,5.0,0.0,0.0,20.19999999999999,0.0
-83.16740139893,1.0,8.0,2.0,5.0,0.0,0.0,24.30000000000001,0.0
,,,,,,,,
,,,,,,,,
,,,,,,,,
,,,,,,,,
,,,,,,,,
,,,,,,,,
,,,,,,,,
,,,,,,,,
,,,,,,,,
,,,,,,,,
,,,,,,,,
,,,,,,,,
,,,,,,,,
,,,,,,,,
337.3847665847662,1.0,14.0,2.0,5.0,0.0,1.0,1.0,0.0
145.83225210197645,1.0,14.0,2.0,5.0,0.0,1.0,2.5,0.0
14.27973761918679,1.0,14.0,2.0,5.0,0.0,1.0,6.8,0.0
-12.272776863602985,1.0,14.0,2.0,5.0,0.0,1.0,9.7,0.0
-200.82529134639265,1.0,14.0,2.0,5.0,0.0,1.0,13.9,0.0
108.62219417081758,1.0,14.0,2.0,5.0,1.0,0.0,3.869999999999999,0.0
-226.93032031197208,1.0,14.0,2.0,5.0,0.0,0.0,7.269999999999998,0.0
-133.48283479476186,1.0,14.0,2.0,5.0,0.0,0.0,10.97,0.0
-91.03534927755152,1.0,14.0,2.0,5.0,0.0,0.0,13.47,0.0
,0.0,14.0,2.0,5.0,0.0,0.0,17.07,0.0
-52.58786376034118,1.0,14.0,2.0,5.0,0.0,0.0,20.769999999999996,0.0
-200.14037824313095,1.0,14.0,2.0,5.0,0.0,0.0,24.769999999999996,0.0
,,,,,,,,
,,,,,,,,
,,,,,,,,
,,,,,,,,
,,,,,,,,
,,,,,,,,
,,,,,,,,
,,,,,,,,
,,,,,,,,
,,,,,,,,
-53.218037553817794,1.0,14.0,2.0,5.0,0.0,0.0,1.0,1.0
-183.77055203660746,1.0,14.0,2.0,5.0,1.0,0.0,5.5,0.0
-11.32306651939723,1.0,14.0,2.0,5.0,0.0,0.0,10.0,0.0
81.12441899781311,1.0,14.0,2.0,5.0,0.0,0.0,12.599999999999994,0.0
-120.42809548497655,1.0,14.0,2.0,5.0,0.0,0.0,16.599999999999994,0.0
98.01939003223367,1.0,14.0,2.0,5.0,0.0,0.0,20.299999999999997,0.0
8.466875549444012,1.0,14.0,2.0,5.0,0.0,0.0,23.89999999999999,0.0
,,,,,,,,
,,,,,,,,
-59.1906678989252,1.0,14.0,2.0,5.0,0.0,0.0,1.4299999999999926,1.0
282.25681761828514,1.0,14.0,2.0,5.0,1.0,0.0,5.730000000000004,0.0
79.70430313549537,1.0,14.0,2.0,5.0,0.0,0.0,9.730000000000004,0.0
106.1517886527057,1.0,14.0,2.0,5.0,0.0,0.0,12.829999999999998,0.0
217.59927416991604,1.0,14.0,2.0,5.0,0.0,0.0,16.83,1.0
-141.95324031287373,1.0,14.0,2.0,5.0,0.0,0.0,2.4000000000000057,1.0
133.4942452043366,1.0,14.0,2.0,5.0,1.0,0.0,5.400000000000006,0.0
226.94173072154683,1.0,14.0,2.0,5.0,0.0,0.0,9.900000000000006,0.0
137.38921623875717,1.0,14.0,2.0,5.0,0.0,0.0,12.5,0.0
71.8367017559674,1.0,14.0,2.0,5.0,0.0,0.0,17.0,0.0
107.28418727317774,1.0,14.0,2.0,5.0,0.0,0.0,20.900000000000006,0.0
-47.268327209611925,1.0,14.0,2.0,5.0,0.0,0.0,23.400000000000006,0.0
,,,,,,,,
,,,,,,,,
160.07412934201886,1.0,14.0,2.0,5.0,0.0,0.0,1.700000000000017,1.0
142.5216148592292,1.0,14.0,2.0,5.0,1.0,0.0,4.400000000000006,0.0
-182.03089962356057,1.0,14.0,2.0,5.0,0.0,0.0,8.5,0.0
51.41658589364977,1.0,14.0,2.0,5.0,0.0,0.0,11.700000000000017,0.0
128.86407141086,1.0,14.0,2.0,5.0,0.0,0.0,15.700000000000017,0.0
275.31155692807033,1.0,14.0,2.0,5.0,0.0,0.0,18.200000000000017,0.0
478.75904244528056,1.0,14.0,2.0,5.0,0.0,0.0,21.700000000000017,0.0
520.2065279624909,1.0,14.0,2.0,5.0,0.0,0.0,24.400000000000006,0.0
,,,,,,,,
,,,,,,,,
,,,,,,,,
87.99647003133202,1.0,14.0,2.0,5.0,1.0,0.0,3.210000000000008,0.0
-52.55604445145764,1.0,14.0,2.0,5.0,0.0,0.0,7.009999999999991,0.0
-65.10855893424741,1.0,14.0,2.0,5.0,0.0,0.0,11.110000000000014,0.0
-59.66107341703707,1.0,14.0,2.0,5.0,0.0,0.0,13.909999999999997,0.0
10.786412100173266,1.0,14.0,2.0,5.0,0.0,0.0,18.110000000000014,0.0
-138.7661023826165,1.0,14.0,2.0,5.0,0.0,0.0,20.810000000000002,0.0
-196.31861686540617,1.0,14.0,2.0,5.0,0.0,0.0,24.409999999999997,0.0
,,,,,,,,
305.5763541690144,1.0,14.0,2.0,5.0,0.0,0.0,1.0699999999999932,1.0
50.02383968622462,1.0,14.0,2.0,5.0,1.0,0.0,4.569999999999993,0.0
32.47132520343496,1.0,14.0,2.0,5.0,0.0,0.0,8.769999999999982,0.0
-81.08118927935482,1.0,14.0,2.0,5.0,0.0,0.0,11.269999999999982,0.0
-146.63370376214448,1.0,14.0,2.0,5.0,0.0,0.0,14.870000000000005,0.0
127.81378175506575,1.0,14.0,2.0,5.0,0.0,0.0,18.569999999999993,0.0
-137.7387327277239,1.0,14.0,2.0,5.0,0.0,0.0,22.769999999999982,0.0
,,,,,,,,
,,,,,,,,
,,,,,,,,
,,,,,,,,
-230.50130514167245,1.0,14.0,2.0,5.0,0.0,0.0,1.3000000000000114,1.0
-203.05381962446222,1.0,14.0,2.0,5.0,1.0,0.0,4.5,0.0
-181.60633410725188,1.0,14.0,2.0,5.0,0.0,0.0,8.200000000000045,0.0
76.84115140995846,1.0,14.0,2.0,5.0,0.0,0.0,12.5,0.0
100.28863692716868,1.0,14.0,2.0,5.0,0.0,0.0,16.5,0.0
-7.263877555620979,1.0,14.0,2.0,5.0,0.0,0.0,19.700000000000045,0.0
-123.81639203841075,1.0,14.0,2.0,5.0,0.0,0.0,23.200000000000045,0.0
,,,,,,,,
,,,,,,,,
,,,,,,,,
,,,,,,,,
,,,,,,,,
,,,,,,,,
100.31600658206128,1.0,14.0,2.0,5.0,1.0,0.0,4.150000000000034,0.0
-209.23650790072838,1.0,14.0,2.0,5.0,0.0,0.0,7.650000000000034,1.0
-243.78902238351816,1.0,14.0,2.0,5.0,0.0,0.0,2.6000000000000227,1.0
-107.34153686630782,1.0,14.0,2.0,5.0,1.0,0.0,5.400000000000034,0.0
-142.89405134909748,1.0,14.0,2.0,5.0,0.0,0.0,8.199999999999989,0.0
-83.44656583188726,1.0,14.0,2.0,5.0,0.0,0.0,12.100000000000023,0.0
722.0009196853231,1.0,14.0,2.0,5.0,0.0,0.0,16.30000000000001,0.0
132.4484052025333,1.0,14.0,2.0,5.0,0.0,0.0,20.19999999999999,0.0
-105.10410928025635,1.0,14.0,2.0,5.0,0.0,0.0,24.30000000000001,0.0
,,,,,,,,
,,,,,,,,
,,,,,,,,
,,,,,,,,
,,,,,,,,
,,,,,,,,
,,,,,,,,
,,,,,,,,
,,,,,,,,
,,,,,,,,
,,,,,,,,
,,,,,,,,
,,,,,,,,
,,,,,,,,
271.9834298584294,1.0,1.0,2.0,6.0,0.0,1.0,1.0,0.0
-77.39546624546676,1.0,1.0,2.0,6.0,0.0,1.0,2.5,0.0
-122.77436234936283,1.0,1.0,2.0,6.0,0.0,1.0,5.8,0.0
-80.1532584532589,1.0,1.0,2.0,6.0,0.0,1.0,9.7,0.0
-101.53215455715497,1.0,1.0,2.0,6.0,0.0,1.0,13.2,0.0
-6.911050661051149,1.0,1.0,2.0,6.0,0.0,0.0,2.4700000000000006,1.0
-16.289946764947217,1.0,1.0,2.0,6.0,0.0,0.0,6.0699999999999985,0.0
134.33115713115671,1.0,1.0,2.0,6.0,0.0,0.0,9.069999999999999,0.0
16.952261027260533,1.0,1.0,2.0,6.0,0.0,0.0,12.769999999999998,0.0
-72.42663507663553,1.0,1.0,2.0,6.0,0.0,0.0,15.769999999999998,0.0
-125.8055311805316,1.0,1.0,2.0,6.0,0.0,0.0,18.669999999999995,0.0
-67.18442728442778,1.0,1.0,2.0,6.0,0.0,0.0,22.97,0.0
,,,,,,,,
,,,,,,,,
,,,,,,,,
,,,,,,,,
,,,,,,,,
,,,,,,,,
,,,,,,,,
,,,,,,,,
,,,,,,,,
,,,,,,,,
,,,,,,,,
-31.73118053118094,1.0,1.0,2.0,6.0,0.0,0.0,2.5999999999999943,1.0
-125.11007663507701,1.0,1.0,2.0,6.0,0.0,0.0,6.099999999999994,0.0
-118.48897273897319,1.0,1.0,2.0,6.0,0.0,0.0,9.099999999999994,0.0
-47.86786884286926,1.0,1.0,2.0,6.0,0.0,0.0,11.699999999999989,0.0
266.7532350532347,1.0,1.0,2.0,6.0,0.0,0.0,16.0,0.0
-185.6256610506614,1.0,1.0,2.0,6.0,0.0,0.0,19.5,0.0
-132.00455715455757,1.0,1.0,2.0,6.0,0.0,0.0,23.299999999999997,0.0
,,,,,,,,
33.23765063765029,1.0,1.0,2.0,6.0,0.0,0.0,0.12999999999999545,1.0
-72.14124546624589,1.0,1.0,2.0,6.0,1.0,0.0,4.1299999999999955,0.0
-181.52014157014196,1.0,1.0,2.0,6.0,0.0,0.0,8.030000000000001,0.0
305.100962325962,1.0,1.0,2.0,6.0,0.0,0.0,10.829999999999998,0.0
155.7220662220659,1.0,1.0,2.0,6.0,0.0,0.0,14.530000000000001,0.0
-17.656829881830276,1.0,1.0,2.0,6.0,0.0,0.0,17.629999999999995,1.0
-35.035725985726344,1.0,1.0,2.0,6.0,1.0,0.0,4.099999999999994,0.0
235.5853779103776,1.0,1.0,2.0,6.0,0.0,0.0,7.900000000000006,0.0
-21.793518193518594,1.0,1.0,2.0,6.0,0.0,0.0,11.300000000000011,0.0
-55.17241429741466,1.0,1.0,2.0,6.0,0.0,0.0,14.300000000000011,0.0
-20.55131040131073,1.0,1.0,2.0,6.0,0.0,0.0,17.80000000000001,0.0
134.0697934947932,1.0,1.0,2.0,6.0,0.0,0.0,20.30000000000001,0.0
77.69089739089702,1.0,1.0,2.0,6.0,0.0,0.0,24.30000000000001,0.0
,,,,,,,,
85.93310518310489,1.0,1.0,2.0,6.0,0.0,0.0,0.20000000000001705,1.0
244.5542090792087,1.0,1.0,2.0,6.0,1.0,0.0,3.200000000000017,0.0
-7.824687024687364,1.0,1.0,2.0,6.0,1.0,0.0,5.900000000000006,0.0
-226.20358312858343,1.0,1.0,2.0,6.0,0.0,0.0,10.300000000000011,0.0
140.4175207675205,1.0,1.0,2.0,6.0,0.0,0.0,14.099999999999994,0.0
87.03862466362432,1.0,1.0,2.0,6.0,0.0,0.0,17.400000000000006,0.0
-70.34027144027175,1.0,1.0,2.0,6.0,0.0,0.0,20.900000000000006,0.0
68.28083245583218,1.0,1.0,2.0,6.0,0.0,0.0,25.0,0.0
,,,,,,,,
,,,,,,,,
156.14414414414387,1.0,1.0,2.0,6.0,0.0,0.0,2.4099999999999966,1.0
-80.2347519597522,1.0,1.0,2.0,6.0,1.0,0.0,4.909999999999997,0.0
82.38635193635162,1.0,1.0,2.0,6.0,0.0,0.0,7.810000000000002,0.0
41.00745583245555,1.0,1.0,2.0,6.0,0.0,0.0,12.210000000000008,0.0
6.628559728559367,1.0,1.0,2.0,6.0,0.0,0.0,15.009999999999991,0.0
282.2496636246633,1.0,1.0,2.0,6.0,0.0,0.0,17.50999999999999,0.0
132.87076752076723,1.0,1.0,2.0,6.0,0.0,0.0,20.00999999999999,0.0
-52.50812858312884,1.0,1.0,2.0,6.0,0.0,0.0,23.810000000000002,0.0
,,,,,,,,
127.73407920907891,1.0,1.0,2.0,6.0,0.0,0.0,0.9699999999999989,1.0
27.355183105182846,1.0,1.0,2.0,6.0,1.0,0.0,3.469999999999999,0.0
132.97628700128666,1.0,1.0,2.0,6.0,0.0,0.0,6.969999999999999,0.0
-59.402609102609404,1.0,1.0,2.0,6.0,0.0,0.0,10.169999999999987,0.0
-120.78150520650547,1.0,1.0,2.0,6.0,0.0,0.0,14.269999999999982,0.0
-126.16040131040154,1.0,1.0,2.0,6.0,0.0,0.0,17.569999999999993,0.0
59.46070258570228,1.0,1.0,2.0,6.0,0.0,0.0,20.069999999999993,0.0
-200.9181935181938,1.0,1.0,2.0,6.0,0.0,0.0,23.97,0.0
,,,,,,,,
,,,,,,,,
,,,,,,,,
,,,,,,,,
519.1873259623258,1.0,1.0,2.0,6.0,0.0,0.0,2.8000000000000114,1.0
-73.19157014157042,1.0,1.0,2.0,6.0,0.0,0.0,7.2000000000000455,0.0
-91.57046624546649,1.0,1.0,2.0,6.0,0.0,0.0,10.360000000000014,0.0
27.05063765063744,1.0,1.0,2.0,6.0,0.0,0.0,13.960000000000036,0.0
18.67174154674126,1.0,1.0,2.0,6.0,0.0,0.0,18.360000000000014,0.0
-26.70715455715481,1.0,1.0,2.0,6.0,0.0,0.0,21.260000000000048,0.0
-101.08605066105088,1.0,1.0,2.0,6.0,0.0,0.0,24.260000000000048,0.0
,,,,,,,,
,,,,,,,,
,,,,,,,,
,,,,,,,,
,,,,,,,,
-252.3594272844275,1.0,1.0,2.0,6.0,0.0,0.0,1.3100000000000023,1.0
-49.73832338832358,1.0,1.0,2.0,6.0,1.0,0.0,5.410000000000025,1.0
-75.11721949221965,1.0,1.0,2.0,6.0,0.0,0.0,0.7599999999999909,1.0
-65.49611559611583,1.0,1.0,2.0,6.0,1.0,0.0,4.460000000000036,0.0
-169.8750117000119,1.0,1.0,2.0,6.0,0.0,0.0,7.259999999999991,0.0
-255.25390780390796,1.0,1.0,2.0,6.0,0.0,0.0,10.160000000000025,0.0
35.367196092195854,1.0,1.0,2.0,6.0,0.0,0.0,13.860000000000014,0.0
-10.011700011700214,1.0,1.0,2.0,6.0,0.0,0.0,16.960000000000036,0.0
8.609403884403719,1.0,1.0,2.0,6.0,0.0,0.0,21.25999999999999,0.0
-76.76949221949235,1.0,1.0,2.0,6.0,0.0,0.0,24.960000000000036,0.0
,,,,,,,,
,,,,,,,,
,,,,,,,,
,,,,,,,,
,,,,,,,,
,,,,,,,,
,,,,,,,,
,,,,,,,,
,,,,,,,,
,,,,,,,,
,,,,,,,,
,,,,,,,,
-66.69514157014169,1.0,1.0,2.0,6.0,0.0,0.0,1.1800000000000068,1.0
111.14328607172672,1.0,2.0,2.0,6.0,0.0,1.0,1.0,0.0
-121.51567046612888,1.0,2.0,2.0,6.0,0.0,1.0,2.5,0.0
-137.1746270039846,1.0,2.0,2.0,6.0,0.0,1.0,5.8,0.0
-12.833583541840198,1.0,2.0,2.0,6.0,0.0,1.0,9.7,0.0
-130.4925400796958,1.0,2.0,2.0,6.0,0.0,1.0,13.2,0.0
-156.1514966175514,1.0,2.0,2.0,6.0,0.0,0.0,2.4700000000000006,1.0
-33.810453155407004,1.0,2.0,2.0,6.0,0.0,0.0,6.0699999999999985,0.0
-51.469409693262605,1.0,2.0,2.0,6.0,0.0,0.0,9.069999999999999,0.0
-229.12836623111832,1.0,2.0,2.0,6.0,0.0,0.0,12.769999999999998,0.0
-25.787322768973922,1.0,2.0,2.0,6.0,0.0,0.0,15.769999999999998,0.0
-152.44627930682952,1.0,2.0,2.0,6.0,0.0,0.0,18.669999999999995,0.0
92.89476415531487,1.0,2.0,2.0,6.0,0.0,0.0,22.97,0.0
,,,,,,,,
,,,,,,,,
,,,,,,,,
,,,,,,,,
,,,,,,,,
,,,,,,,,
,,,,,,,,
,,,,,,,,
,,,,,,,,
,,,,,,,,
,,,,,,,,
-63.012714298952574,1.0,2.0,2.0,6.0,0.0,0.0,2.5999999999999943,1.0
168.3283291631917,1.0,2.0,2.0,6.0,0.0,0.0,6.099999999999994,0.0
-12.33062737466389,1.0,2.0,2.0,6.0,0.0,0.0,9.099999999999994,0.0
-11.989583912519493,1.0,2.0,2.0,6.0,0.0,0.0,11.699999999999989,0.0
146.3514595496249,1.0,2.0,2.0,6.0,0.0,0.0,16.0,0.0
19.692503011769304,1.0,2.0,2.0,6.0,0.0,0.0,19.5,0.0
-68.9664535260863,1.0,2.0,2.0,6.0,0.0,0.0,23.299999999999997,0.0
,,,,,,,,
199.71563339820239,1.0,2.0,2.0,6.0,0.0,0.0,0.12999999999999545,1.0
-81.94332313965322,1.0,2.0,2.0,6.0,1.0,0.0,4.1299999999999955,0.0
-153.60227967750882,1.0,2.0,2.0,6.0,0.0,0.0,8.030000000000001,0.0
219.73876378463558,1.0,2.0,2.0,6.0,0.0,0.0,10.829999999999998,0.0
60.079807246779865,1.0,2.0,2.0,6.0,0.0,0.0,14.530000000000001,0.0
-24.579149291075737,1.0,2.0,2.0,6.0,0.0,0.0,17.629999999999995,1.0
-80.23810582893134,1.0,2.0,2.0,6.0,1.0,0.0,4.099999999999994,0.0
63.10293763321306,1.0,2.0,2.0,6.0,0.0,0.0,7.900000000000006,0.0
88.44398109535746,1.0,2.0,2.0,6.0,0.0,0.0,11.300000000000011,0.0
335.78502455750174,1.0,2.0,2.0,6.0,0.0,0.0,14.300000000000011,0.0
115.12606801964614,1.0,2.0,2.0,6.0,0.0,0.0,17.80000000000001,0.0
146.46711148179054,1.0,2.0,2.0,6.0,0.0,0.0,20.30000000000001,0.0
-140.19184505606506,1.0,2.0,2.0,6.0,0.0,0.0,24.30000000000001,0.0
,,,,,,,,
153.49024186822373,1.0,2.0,2.0,6.0,0.0,0.0,0.20000000000001705,1.0
33.83128533036802,1.0,2.0,2.0,6.0,1.0,0.0,3.200000000000017,0.0
-92.82767120748758,1.0,2.0,2.0,6.0,1.0,0.0,5.900000000000006,0.0
-129.48662774534318,1.0,2.0,2.0,6.0,0.0,0.0,10.300000000000011,0.0
-71.14558428319879,1.0,2.0,2.0,6.0,0.0,0.0,14.099999999999994,0.0
87.19545917894561,1.0,2.0,2.0,6.0,0.0,0.0,17.400000000000006,0.0
-46.463497358910104,1.0,2.0,2.0,6.0,0.0,0.0,20.900000000000006,0.0
,0.0,2.0,2.0,6.0,0.0,0.0,25.0,0.0
,,,,,,,,
,,,,,,,,
30.55963302752309,1.0,2.0,2.0,6.0,0.0,0.0,2.4099999999999966,1.0
-130.0993235103325,1.0,2.0,2.0,6.0,1.0,0.0,4.909999999999997,0.0
-204.7582800481881,1.0,2.0,2.0,6.0,0.0,0.0,7.810000000000002,0.0
118.58276341395617,1.0,2.0,2.0,6.0,0.0,0.0,12.210000000000008,0.0
-133.07619312389943,1.0,2.0,2.0,6.0,0.0,0.0,15.009999999999991,0.0
71.26485033824497,1.0,2.0,2.0,6.0,0.0,0.0,17.50999999999999,0.0
65.60589380038937,1.0,2.0,2.0,6.0,0.0,0.0,20.00999999999999,0.0
-32.053062737466234,1.0,2.0,2.0,6.0,0.0,0.0,23.810000000000002,0.0
,,,,,,,,
167.62902418682245,1.0,2.0,2.0,6.0,0.0,0.0,0.9699999999999989,1.0
-122.02993235103315,1.0,2.0,2.0,6.0,1.0,0.0,3.469999999999999,0.0
-29.688888888888755,1.0,2.0,2.0,6.0,0.0,0.0,6.969999999999999,0.0
-29.347845426744357,1.0,2.0,2.0,6.0,0.0,0.0,10.169999999999987,0.0
-50.00680196460007,1.0,2.0,2.0,6.0,0.0,0.0,14.269999999999982,0.0
-47.665758502455674,1.0,2.0,2.0,6.0,0.0,0.0,17.569999999999993,0.0
47.675284959688724,1.0,2.0,2.0,6.0,0.0,0.0,20.069999999999993,0.0
-19.983671578166877,1.0,2.0,2.0,6.0,0.0,0.0,23.97,0.0
,,,,,,,,
,,,,,,,,
,,,,,,,,
,,,,,,,,
40.3805022704106,1.0,2.0,2.0,6.0,0.0,0.0,2.8000000000000114,1.0
90.721545732555,1.0,2.0,2.0,6.0,0.0,0.0,7.2000000000000455,0.0
-56.9374108053006,1.0,2.0,2.0,6.0,0.0,0.0,10.360000000000014,0.0
-74.5963673431562,1.0,2.0,2.0,6.0,0.0,0.0,13.960000000000036,0.0
-59.25532388101192,1.0,2.0,2.0,6.0,0.0,0.0,18.360000000000014,0.0
-58.91428041886752,1.0,2.0,2.0,6.0,0.0,0.0,21.260000000000048,0.0
-5.573236956723122,1.0,2.0,2.0,6.0,0.0,0.0,24.260000000000048,0.0
,,,,,,,,
,,,,,,,,
,,,,,,,,
,,,,,,,,
,,,,,,,,
17.473023816143154,1.0,2.0,2.0,6.0,0.0,0.0,1.3100000000000023,1.0
-21.185932721712447,1.0,2.0,2.0,6.0,1.0,0.0,5.410000000000025,1.0
82.15511074043195,1.0,2.0,2.0,6.0,0.0,0.0,0.7599999999999909,1.0
12.496154202576236,1.0,2.0,2.0,6.0,1.0,0.0,4.460000000000036,0.0
-22.162802335279366,1.0,2.0,2.0,6.0,0.0,0.0,7.259999999999991,0.0
-88.82175887313497,1.0,2.0,2.0,6.0,0.0,0.0,10.160000000000025,0.0
-89.48071541099057,1.0,2.0,2.0,6.0,0.0,0.0,13.860000000000014,0.0
179.86032805115383,1.0,2.0,2.0,6.0,0.0,0.0,16.960000000000036,0.0
36.20137151329823,1.0,2.0,2.0,6.0,0.0,0.0,21.25999999999999,0.0
48.54241497544251,1.0,2.0,2.0,6.0,0.0,0.0,24.960000000000036,0.0
,,,,,,,,
,,,,,,,,
,,,,,,,,
,,,,,,,,
,,,,,,,,
,,,,,,,,
,,,,,,,,
,,,,,,,,
,,,,,,,,
,,,,,,,,
,,,,,,,,
,,,,,,,,
32.97597998331946,1.0,2.0,2.0,6.0,0.0,0.0,1.1800000000000068,1.0
,0.0,3.0,2.0,6.0,0.0,1.0,1.0,0.0
377.15841584158375,1.0,3.0,2.0,6.0,0.0,1.0,2.5,0.0
-257.0716831683171,1.0,3.0,2.0,6.0,0.0,1.0,5.8,0.0
-274.3017821782182,1.0,3.0,2.0,6.0,0.0,1.0,9.7,0.0
-259.5318811881191,1.0,3.0,2.0,6.0,0.0,1.0,13.2,0.0
-272.7619801980202,1.0,3.0,2.0,6.0,0.0,0.0,2.4700000000000006,1.0
,0.0,3.0,2.0,6.0,0.0,0.0,6.0699999999999985,0.0
98.00792079207895,1.0,3.0,2.0,6.0,0.0,0.0,9.069999999999999,0.0
168.77782178217785,1.0,3.0,2.0,6.0,0.0,0.0,12.769999999999998,0.0
-66.45227722772302,1.0,3.0,2.0,6.0,0.0,0.0,15.769999999999998,0.0
-189.6823762376241,1.0,3.0,2.0,6.0,0.0,0.0,18.669999999999995,0.0
-206.91247524752498,1.0,3.0,2.0,6.0,0.0,0.0,22.97,0.0
,,,,,,,,
,,,,,,,,
,,,,,,,,
,,,,,,,,
,,,,,,,,
,,,,,,,,
,,,,,,,,
,,,,,,,,
,,,,,,,,
,,,,,,,,
,,,,,,,,
-244.4435643564359,1.0,3.0,2.0,6.0,0.0,0.0,2.5999999999999943,1.0
-307.67366336633677,1.0,3.0,2.0,6.0,0.0,0.0,6.099999999999994,0.0
-245.90376237623786,1.0,3.0,2.0,6.0,0.0,0.0,9.099999999999994,0.0
31.866138613861267,1.0,3.0,2.0,6.0,0.0,0.0,11.699999999999989,0.0
-145.36396039603983,1.0,3.0,2.0,6.0,0.0,0.0,16.0,0.0
1197.4059405940593,1.0,3.0,2.0,6.0,0.0,0.0,19.5,0.0
-399.8241584158418,1.0,3.0,2.0,6.0,0.0,0.0,23.299999999999997,0.0
,,,,,,,,
-258.28435643564376,1.0,3.0,2.0,6.0,0.0,0.0,0.12999999999999545,1.0
-256.5144554455446,1.0,3.0,2.0,6.0,1.0,0.0,4.1299999999999955,0.0
-119.74455445544572,1.0,3.0,2.0,6.0,0.0,0.0,8.030000000000001,0.0
954.0253465346534,1.0,3.0,2.0,6.0,0.0,0.0,10.829999999999998,0.0
751.7952475247523,1.0,3.0,2.0,6.0,0.0,0.0,14.530000000000001,0.0
355.56514851485144,1.0,3.0,2.0,6.0,0.0,0.0,17.629999999999995,1.0
281.33504950495035,1.0,3.0,2.0,6.0,1.0,0.0,4.099999999999994,0.0
-83.89504950495052,1.0,3.0,2.0,6.0,0.0,0.0,7.900000000000006,0.0
479.8748514851484,1.0,3.0,2.0,6.0,0.0,0.0,11.300000000000011,0.0
209.64475247524751,1.0,3.0,2.0,6.0,0.0,0.0,14.300000000000011,0.0
-63.58534653465358,1.0,3.0,2.0,6.0,0.0,0.0,17.80000000000001,0.0
-88.81544554455445,1.0,3.0,2.0,6.0,0.0,0.0,20.30000000000001,0.0
-204.04554455445555,1.0,3.0,2.0,6.0,0.0,0.0,24.30000000000001,0.0
,,,,,,,,
,0.0,3.0,2.0,6.0,0.0,0.0,0.20000000000001705,1.0
408.7243564356436,1.0,3.0,2.0,6.0,1.0,0.0,3.200000000000017,0.0
233.4942574257425,1.0,3.0,2.0,6.0,1.0,0.0,5.900000000000006,0.0
2.264158415841621,1.0,3.0,2.0,6.0,0.0,0.0,10.300000000000011,0.0
-58.965940594059475,1.0,3.0,2.0,6.0,0.0,0.0,14.099999999999994,0.0
379.80396039603966,1.0,3.0,2.0,6.0,0.0,0.0,17.400000000000006,0.0
-325.42613861386144,1.0,3.0,2.0,6.0,0.0,0.0,20.900000000000006,0.0
817.3437623762377,1.0,3.0,2.0,6.0,0.0,0.0,25.0,0.0
,,,,,,,,
,,,,,,,,
-170.34653465346537,1.0,3.0,2.0,6.0,0.0,0.0,2.4099999999999966,1.0
-211.57663366336624,1.0,3.0,2.0,6.0,1.0,0.0,4.909999999999997,0.0
-220.80673267326733,1.0,3.0,2.0,6.0,0.0,0.0,7.810000000000002,0.0
109.9631683168318,1.0,3.0,2.0,6.0,0.0,0.0,12.210000000000008,0.0
537.7330693069307,1.0,3.0,2.0,6.0,0.0,0.0,15.009999999999991,0.0
495.5029702970296,1.0,3.0,2.0,6.0,0.0,0.0,17.50999999999999,0.0
-169.72712871287126,1.0,3.0,2.0,6.0,0.0,0.0,20.00999999999999,0.0
-200.95722772277213,1.0,3.0,2.0,6.0,0.0,0.0,23.810000000000002,0.0
,,,,,,,,
-218.4174257425741,1.0,3.0,2.0,6.0,0.0,0.0,0.9699999999999989,1.0
,0.0,3.0,2.0,6.0,1.0,0.0,3.469999999999999,0.0
,0.0,3.0,2.0,6.0,0.0,0.0,6.969999999999999,0.0
28.352475247524808,1.0,3.0,2.0,6.0,0.0,0.0,10.169999999999987,0.0
-312.87762376237606,1.0,3.0,2.0,6.0,0.0,0.0,14.269999999999982,0.0
333.89227722772284,1.0,3.0,2.0,6.0,0.0,0.0,17.569999999999993,0.0
-497.337821782178,1.0,3.0,2.0,6.0,0.0,0.0,20.069999999999993,0.0
3.4320792079208786,1.0,3.0,2.0,6.0,0.0,0.0,23.97,0.0
,,,,,,,,
,,,,,,,,
,,,,,,,,
,,,,,,,,
1.2815841584160808,1.0,3.0,2.0,6.0,0.0,0.0,2.8000000000000114,1.0
936.051485148515,1.0,3.0,2.0,6.0,0.0,0.0,7.2000000000000455,0.0
-513.1786138613859,1.0,3.0,2.0,6.0,0.0,0.0,10.360000000000014,0.0
505.591287128713,1.0,3.0,2.0,6.0,0.0,0.0,13.960000000000036,0.0
1348.3611881188122,1.0,3.0,2.0,6.0,0.0,0.0,18.360000000000014,0.0
-436.86891089108894,1.0,3.0,2.0,6.0,0.0,0.0,21.260000000000048,0.0
-450.09900990099004,1.0,3.0,2.0,6.0,0.0,0.0,24.260000000000048,0.0
,,,,,,,,
,,,,,,,,
,,,,,,,,
,,,,,,,,
,,,,,,,,
-193.4796039603957,1.0,3.0,2.0,6.0,0.0,0.0,1.3100000000000023,1.0
-346.7097029702968,1.0,3.0,2.0,6.0,1.0,0.0,5.410000000000025,1.0
1640.0601980198023,1.0,3.0,2.0,6.0,0.0,0.0,0.7599999999999909,1.0
-257.16990099009877,1.0,3.0,2.0,6.0,1.0,0.0,4.460000000000036,0.0
,0.0,3.0,2.0,6.0,0.0,0.0,7.259999999999991,0.0
-1497.3999999999996,1.0,3.0,2.0,6.0,0.0,0.0,10.160000000000025,0.0
-532.6300990099007,1.0,3.0,2.0,6.0,0.0,0.0,13.860000000000014,0.0
-5.860198019801828,1.0,3.0,2.0,6.0,0.0,0.0,16.960000000000036,0.0
-423.0902970297027,1.0,3.0,2.0,6.0,0.0,0.0,21.25999999999999,0.0
703.6796039603964,1.0,3.0,2.0,6.0,0.0,0.0,24.960000000000036,0.0
,,,,,,,,
,,,,,,,,
,,,,,,,,
,,,,,,,,
,,,,,,,,
,,,,,,,,
,,,,,,,,
,,,,,,,,
,,,,,,,,
,,,,,,,,
,,,,,,,,
,,,,,,,,
58.148514851485515,1.0,3.0,2.0,6.0,0.0,0.0,1.1800000000000068,1.0
-345.77100737100795,1.0,15.0,2.0,6.0,0.0,1.0,1.0,0.0
,0.0,15.0,2.0,6.0,0.0,1.0,2.5,0.0
-289.8280864684539,1.0,15.0,2.0,6.0,0.0,1.0,5.8,0.0
-319.8851655659,1.0,15.0,2.0,6.0,0.0,1.0,9.7,0.0
-243.94224466334617,1.0,15.0,2.0,6.0,0.0,1.0,13.2,0.0
189.0006762392079,1.0,15.0,2.0,6.0,0.0,0.0,2.4700000000000006,1.0
214.94359714176176,1.0,15.0,2.0,6.0,0.0,0.0,6.0699999999999985,0.0
-108.11348195568416,1.0,15.0,2.0,6.0,0.0,0.0,9.069999999999999,0.0
-334.1705610531303,1.0,15.0,2.0,6.0,0.0,0.0,12.769999999999998,0.0
-162.22764015057646,1.0,15.0,2.0,6.0,0.0,0.0,15.769999999999998,0.0
368.7152807519776,1.0,15.0,2.0,6.0,0.0,0.0,18.669999999999995,0.0
24.658201654531467,1.0,15.0,2.0,6.0,0.0,0.0,22.97,0.0
,,,,,,,,
,,,,,,,,
,,,,,,,,
,,,,,,,,
,,,,,,,,
,,,,,,,,
,,,,,,,,
,,,,,,,,
,,,,,,,,
,,,,,,,,
,,,,,,,,
227.9732524851786,1.0,15.0,2.0,6.0,0.0,0.0,2.5999999999999943,1.0
-460.08382661226733,1.0,15.0,2.0,6.0,0.0,0.0,6.099999999999994,0.0
-234.14090570971348,1.0,15.0,2.0,6.0,0.0,0.0,9.099999999999994,0.0
131.8020151928406,1.0,15.0,2.0,6.0,0.0,0.0,11.699999999999989,0.0
-258.25506390460555,1.0,15.0,2.0,6.0,0.0,0.0,16.0,0.0
127.6878569979483,1.0,15.0,2.0,6.0,0.0,0.0,19.5,0.0
52.63077790050238,1.0,15.0,2.0,6.0,0.0,0.0,23.299999999999997,0.0
,,,,,,,,
632.5166197056101,1.0,15.0,2.0,6.0,0.0,0.0,0.12999999999999545,1.0
161.45954060816416,1.0,15.0,2.0,6.0,1.0,0.0,4.1299999999999955,0.0
-51.59753848928199,1.0,15.0,2.0,6.0,0.0,0.0,8.030000000000001,0.0
-261.65461758672814,1.0,15.0,2.0,6.0,0.0,0.0,10.829999999999998,0.0
-22.711696684174058,1.0,15.0,2.0,6.0,0.0,0.0,14.530000000000001,0.0
390.2312242183798,1.0,15.0,2.0,6.0,0.0,0.0,17.629999999999995,1.0
483.1741451209339,1.0,15.0,2.0,6.0,1.0,0.0,4.099999999999994,0.0
230.11706602348772,1.0,15.0,2.0,6.0,0.0,0.0,7.900000000000006,0.0
119.05998692604157,1.0,15.0,2.0,6.0,0.0,0.0,11.300000000000011,0.0
-62.99709217140435,1.0,15.0,2.0,6.0,0.0,0.0,14.300000000000011,0.0
184.9458287311495,1.0,15.0,2.0,6.0,0.0,0.0,17.80000000000001,0.0
67.88874963370336,1.0,15.0,2.0,6.0,0.0,0.0,20.30000000000001,0.0
-268.16832946374257,1.0,15.0,2.0,6.0,0.0,0.0,24.30000000000001,0.0
,,,,,,,,
476.71751234136514,1.0,15.0,2.0,6.0,0.0,0.0,0.20000000000001705,1.0
198.66043324391921,1.0,15.0,2.0,6.0,1.0,0.0,3.200000000000017,0.0
-93.39664585352693,1.0,15.0,2.0,6.0,1.0,0.0,5.900000000000006,0.0
76.54627504902714,1.0,15.0,2.0,6.0,0.0,0.0,10.300000000000011,0.0
-25.510804048419004,1.0,15.0,2.0,6.0,0.0,0.0,14.099999999999994,0.0
80.43211685413485,1.0,15.0,2.0,6.0,0.0,0.0,17.400000000000006,0.0
-319.6249622433111,1.0,15.0,2.0,6.0,0.0,0.0,20.900000000000006,0.0
825.3179586592428,1.0,15.0,2.0,6.0,0.0,0.0,25.0,0.0
,,,,,,,,
,,,,,,,,
349.14672136690456,1.0,15.0,2.0,6.0,0.0,0.0,2.4099999999999966,1.0
252.08964226945864,1.0,15.0,2.0,6.0,1.0,0.0,4.909999999999997,0.0
-356.9674368279875,1.0,15.0,2.0,6.0,0.0,0.0,7.810000000000002,0.0
-404.02451592543366,1.0,15.0,2.0,6.0,0.0,0.0,12.210000000000008,0.0
-426.0815950228796,1.0,15.0,2.0,6.0,0.0,0.0,15.009999999999991,0.0
1136.8613258796743,1.0,15.0,2.0,6.0,0.0,0.0,17.50999999999999,0.0
-395.1957532177719,1.0,15.0,2.0,6.0,0.0,0.0,20.00999999999999,0.0
521.7471676847822,1.0,15.0,2.0,6.0,0.0,0.0,23.810000000000002,0.0
,,,,,,,,
1141.63300948989,1.0,15.0,2.0,6.0,0.0,0.0,0.9699999999999989,1.0
-509.424069607556,1.0,15.0,2.0,6.0,1.0,0.0,3.469999999999999,0.0
450.51885129499783,1.0,15.0,2.0,6.0,0.0,0.0,6.969999999999999,0.0
40.46177219755191,1.0,15.0,2.0,6.0,0.0,0.0,10.169999999999987,0.0
-344.59530689989424,1.0,15.0,2.0,6.0,0.0,0.0,14.269999999999982,0.0
299.3476140026596,1.0,15.0,2.0,6.0,0.0,0.0,17.569999999999993,0.0
-105.70946509478631,1.0,15.0,2.0,6.0,0.0,0.0,20.069999999999993,0.0
-160.76654419223246,1.0,15.0,2.0,6.0,0.0,0.0,23.97,0.0
,,,,,,,,
,,,,,,,,
,,,,,,,,
,,,,,,,,
490.94806032053725,1.0,15.0,2.0,6.0,0.0,0.0,2.8000000000000114,1.0
1862.890981223091,1.0,15.0,2.0,6.0,0.0,0.0,7.2000000000000455,0.0
-474.1660978743548,1.0,15.0,2.0,6.0,0.0,0.0,10.360000000000014,0.0
303.77682302819903,1.0,15.0,2.0,6.0,0.0,0.0,13.960000000000036,0.0
-228.28025606924712,1.0,15.0,2.0,6.0,0.0,0.0,18.360000000000014,0.0
578.662664833307,1.0,15.0,2.0,6.0,0.0,0.0,21.260000000000048,0.0
-185.3944142641392,1.0,15.0,2.0,6.0,0.0,0.0,24.260000000000048,0.0
,,,,,,,,
,,,,,,,,
,,,,,,,,
,,,,,,,,
,,,,,,,,
-86.73688884881562,1.0,15.0,2.0,6.0,0.0,0.0,1.3100000000000023,1.0
-131.79396794626155,1.0,15.0,2.0,6.0,1.0,0.0,5.410000000000025,1.0
-66.8510470437077,1.0,15.0,2.0,6.0,0.0,0.0,0.7599999999999909,1.0
-422.90812614115384,1.0,15.0,2.0,6.0,1.0,0.0,4.460000000000036,0.0
-307.96520523859976,1.0,15.0,2.0,6.0,0.0,0.0,7.259999999999991,0.0
61.977715663954086,1.0,15.0,2.0,6.0,0.0,0.0,10.160000000000025,0.0
-346.07936343349206,1.0,15.0,2.0,6.0,0.0,0.0,13.860000000000014,0.0
-73.13644253093798,1.0,15.0,2.0,6.0,0.0,0.0,16.960000000000036,0.0
470.80647837161587,1.0,15.0,2.0,6.0,0.0,0.0,21.25999999999999,0.0
-263.25060072583005,1.0,15.0,2.0,6.0,0.0,0.0,24.960000000000036,0.0
,,,,,,,,
,,,,,,,,
,,,,,,,,
,,,,,,,,
,,,,,,,,
,,,,,,,,
,,,,,,,,
,,,,,,,,
,,,,,,,,
,,,,,,,,
,,,,,,,,
,,,,,,,,
-174.99262899262908,1.0,15.0,2.0,6.0,0.0,0.0,1.1800000000000068,1.0
,0.0,18.0,2.0,6.0,0.0,1.0,1.0,0.0
,0.0,18.0,2.0,6.0,0.0,1.0,2.5,0.0
552.3563677898339,1.0,18.0,2.0,6.0,0.0,1.0,5.8,0.0
,0.0,18.0,2.0,6.0,0.0,1.0,9.7,0.0
-1819.538866051083,1.0,18.0,2.0,6.0,0.0,1.0,13.2,0.0
12.56590010800005,1.0,18.0,2.0,6.0,0.0,0.0,2.4700000000000006,1.0
314.6706662670831,1.0,18.0,2.0,6.0,0.0,0.0,6.0699999999999985,0.0
-4.224567573833838,1.0,18.0,2.0,6.0,0.0,0.0,9.069999999999999,0.0
-6.119801414750782,1.0,18.0,2.0,6.0,0.0,0.0,12.769999999999998,0.0
14.984964744332501,1.0,18.0,2.0,6.0,0.0,0.0,15.769999999999998,0.0
-43.91026909658444,1.0,18.0,2.0,6.0,0.0,0.0,18.669999999999995,0.0
-96.80550293750139,1.0,18.0,2.0,6.0,0.0,0.0,22.97,0.0
,,,,,,,,
,,,,,,,,
,,,,,,,,
,,,,,,,,
,,,,,,,,
,,,,,,,,
,,,,,,,,
,,,,,,,,
,,,,,,,,
,,,,,,,,
,,,,,,,,
-9.653075187587774,1.0,18.0,2.0,6.0,0.0,0.0,2.5999999999999943,1.0
-32.54830902850449,1.0,18.0,2.0,6.0,0.0,0.0,6.099999999999994,0.0
0.5564571305785648,1.0,18.0,2.0,6.0,0.0,0.0,9.099999999999994,0.0
-27.33877671033838,1.0,18.0,2.0,6.0,0.0,0.0,11.699999999999989,0.0
138.76598944874468,1.0,18.0,2.0,6.0,0.0,0.0,16.0,0.0
665.8707556078277,1.0,18.0,2.0,6.0,0.0,0.0,19.5,0.0
-160.0244782330892,1.0,18.0,2.0,6.0,0.0,0.0,23.299999999999997,0.0
,,,,,,,,
480.1850540850769,1.0,18.0,2.0,6.0,0.0,0.0,0.12999999999999545,1.0
-123.71017975584004,1.0,18.0,2.0,6.0,1.0,0.0,4.1299999999999955,0.0
-38.60541359675699,1.0,18.0,2.0,6.0,0.0,0.0,8.030000000000001,0.0
-102.50064743767393,1.0,18.0,2.0,6.0,0.0,0.0,10.829999999999998,0.0
242.60411872140912,1.0,18.0,2.0,6.0,0.0,0.0,14.530000000000001,0.0
20.708884880492178,1.0,18.0,2.0,6.0,0.0,0.0,17.629999999999995,1.0
-103.18634896042477,1.0,18.0,2.0,6.0,1.0,0.0,4.099999999999994,0.0
83.91841719865852,1.0,18.0,2.0,6.0,0.0,0.0,7.900000000000006,0.0
-20.976816642258427,1.0,18.0,2.0,6.0,0.0,0.0,11.300000000000011,0.0
-13.872050483175371,1.0,18.0,2.0,6.0,0.0,0.0,14.300000000000011,0.0
52.232715675907684,1.0,18.0,2.0,6.0,0.0,0.0,17.80000000000001,0.0
-237.66251816500926,1.0,18.0,2.0,6.0,0.0,0.0,20.30000000000001,0.0
-215.5577520059262,1.0,18.0,2.0,6.0,0.0,0.0,24.30000000000001,0.0
,,,,,,,,
,0.0,18.0,2.0,6.0,0.0,0.0,0.20000000000001705,1.0
39.65178031223991,1.0,18.0,2.0,6.0,1.0,0.0,3.200000000000017,0.0
374.75654647132296,1.0,18.0,2.0,6.0,1.0,0.0,5.900000000000006,0.0
282.861312630406,1.0,18.0,2.0,6.0,0.0,0.0,10.300000000000011,0.0
532.9660787894891,1.0,18.0,2.0,6.0,0.0,0.0,14.099999999999994,0.0
193.07084494857213,1.0,18.0,2.0,6.0,0.0,0.0,17.400000000000006,0.0
-58.824388892344814,1.0,18.0,2.0,6.0,0.0,0.0,20.900000000000006,0.0
894.2803772667385,1.0,18.0,2.0,6.0,0.0,0.0,25.0,0.0
,,,,,,,,
,,,,,,,,
,0.0,18.0,2.0,6.0,0.0,0.0,2.4099999999999966,1.0
-1868.4053242560124,1.0,18.0,2.0,6.0,1.0,0.0,4.909999999999997,0.0
-201.3005580969293,1.0,18.0,2.0,6.0,0.0,0.0,7.810000000000002,0.0
235.80420806215375,1.0,18.0,2.0,6.0,0.0,0.0,12.210000000000008,0.0
-160.0910257787632,1.0,18.0,2.0,6.0,0.0,0.0,15.009999999999991,0.0
29.01374038031986,1.0,18.0,2.0,6.0,0.0,0.0,17.50999999999999,0.0
59.118506539402915,1.0,18.0,2.0,6.0,0.0,0.0,20.00999999999999,0.0
210.22327269848597,1.0,18.0,2.0,6.0,0.0,0.0,23.810000000000002,0.0
,,,,,,,,
85.43280501665208,1.0,18.0,2.0,6.0,0.0,0.0,0.9699999999999989,1.0
404.53757117573514,1.0,18.0,2.0,6.0,1.0,0.0,3.469999999999999,0.0
111.64233733481842,1.0,18.0,2.0,6.0,0.0,0.0,6.969999999999999,0.0
91.74710349390148,1.0,18.0,2.0,6.0,0.0,0.0,10.169999999999987,0.0
26.851869652984533,1.0,18.0,2.0,6.0,0.0,0.0,14.269999999999982,0.0
-162.0433641879324,1.0,18.0,2.0,6.0,0.0,0.0,17.569999999999993,0.0
74.06140197115064,1.0,18.0,2.0,6.0,0.0,0.0,20.069999999999993,0.0
6.1661681302337,1.0,18.0,2.0,6.0,0.0,0.0,23.97,0.0
,,,,,,,,
,,,,,,,,
,,,,,,,,
,,,,,,,,
,0.0,18.0,2.0,6.0,0.0,0.0,2.8000000000000114,1.0
760.5852327665659,1.0,18.0,2.0,6.0,0.0,0.0,7.2000000000000455,0.0
-229.31000107435102,1.0,18.0,2.0,6.0,0.0,0.0,10.360000000000014,0.0
-33.205234915267965,1.0,18.0,2.0,6.0,0.0,0.0,13.960000000000036,0.0
758.8995312438151,1.0,18.0,2.0,6.0,0.0,0.0,18.360000000000014,0.0
-217.99570259710185,1.0,18.0,2.0,6.0,0.0,0.0,21.260000000000048,0.0
-230.8909364380188,1.0,18.0,2.0,6.0,0.0,0.0,24.260000000000048,0.0
,,,,,,,,
,,,,,,,,
,,,,,,,,
,,,,,,,,
,,,,,,,,
315.73766051647976,1.0,18.0,2.0,6.0,0.0,0.0,1.3100000000000023,1.0
-176.15757332443718,1.0,18.0,2.0,6.0,1.0,0.0,5.410000000000025,1.0
477.9471928346459,1.0,18.0,2.0,6.0,0.0,0.0,0.7599999999999909,1.0
-320.94804100627107,1.0,18.0,2.0,6.0,1.0,0.0,4.460000000000036,0.0
111.15672515281199,1.0,18.0,2.0,6.0,0.0,0.0,7.259999999999991,0.0
-150.73850868810496,1.0,18.0,2.0,6.0,0.0,0.0,10.160000000000025,0.0
-141.6337425290219,1.0,18.0,2.0,6.0,0.0,0.0,13.860000000000014,0.0
-121.52897636993885,1.0,18.0,2.0,6.0,0.0,0.0,16.960000000000036,0.0
549.5757897891444,1.0,18.0,2.0,6.0,0.0,0.0,21.25999999999999,0.0
-83.3194440517725,1.0,18.0,2.0,6.0,0.0,0.0,24.960000000000036,0.0
,,,,,,,,
,,,,,,,,
,,,,,,,,
,,,,,,,,
,,,,,,,,
,,,,,,,,
,,,,,,,,
,,,,,,,,
,,,,,,,,
,,,,,,,,
,,,,,,,,
,,,,,,,,
9.93774985722439,1.0,18.0,2.0,6.0,0.0,0.0,1.1800000000000068,1.0
